Record_ID,Region,Hour,DayOfWeek,Temperature_C,Humidity_pct,Rainfall_mm,PopulationIndex,IndustrialIndex,SolarGenerationIndex,GridLoad_MW
1,Central,20.0,0,26.7,52.0,3.1,93.0,89.0,0.03,850.3
2,Eastern,13.0,0,18.5,63.0,3.7,95.0,89.0,0.38,788.3
3,Western,14.0,4,22.7,90.0,3.3,71.0,55.0,0.13,548.0
4,Northern,10.0,0,19.6,41.0,0.1,75.0,78.0,0.45,604.6
5,Northern,12.0,0,27.4,88.0,0.0,86.0,58.0,0.7,546.1
6,Central,1.0,5,21.9,53.0,12.8,74.0,55.0,0.04,900.0
7,Central,11.0,1,24.3,48.0,0.0,88.0,41.0,0.49,599.1
8,Eastern,7.0,1,25.9,52.0,10.1,93.0,61.0,0.49,680.7
9,Eastern,1.0,1,32.0,86.0,1.4,86.0,60.0,0.02,661.0
10,Eastern,15.0,3,33.0,76.0,0.0,97.0,91.0,0.4,816.2
11,Eastern,23.0,4,25.3,63.0,0.2,82.0,83.0,0.01,732.7
12,Central,12.0,6,19.9,75.0,7.0,74.0,68.0,0.05,662.8
13,Central,14.0,4,22.3,70.0,3.5,93.0,88.0,1.8,792.0
14,Northern,20.0,2,19.9,62.0,3.3,82.0,42.0,0.17,577.2
15,Eastern,3.0,6,28.6,88.0,0.0,73.0,40.0,0.13,520.6
16,Northern,16.0,0,28.2,66.0,14.4,65.0,27.0,0.16,426.2
17,Eastern,18.0,0,19.5,66.0,8.6,58.0,80.0,0.47,636.4
18,Eastern,5.0,2,27.0,73.0,0.0,95.0,59.0,0.17,675.8
19,Eastern,21.0,5,24.3,92.0,0.5,54.0,63.0,0.01,594.5
20,Eastern,17.0,1,28.0,35.0,9.4,54.0,24.0,0.5,413.3
21,Western,2.0,4,22.0,77.0,0.0,65.0,80.0,0.13,652.2
22,Central,6.0,0,19.6,62.0,0.0,93.0,32.0,0.03,587.5
23,Western,23.0,2,31.6,41.0,3.0,58.0,74.0,0.02,642.2
24,Central,14.0,1,32.9,39.0,0.0,53.0,89.0,0.7,720.3
25,Western,2.0,6,32.4,45.0,0.0,53.0,41.0,0.06,499.0
26,Western,12.0,2,33.8,85.0,0.0,59.0,44.0,0.3,509.4
27,Western,1.0,4,30.5,38.0,3.0,82.0,87.0,0.01,757.4
28,Eastern,16.0,0,32.5,39.0,0.0,75.0,35.0,0.63,528.2
29,Northern,18.0,1,27.8,37.0,0.0,66.0,46.0,0.33,567.2
30,Northern,10.0,1,22.5,43.0,1.0,98.0,29.0,0.01,545.2
31,Eastern,19.0,4,34.9,39.0,0.0,72.0,28.0,0.37,544.4
32,Central,11.0,2,20.7,88.0,0.0,92.0,90.0,0.27,796.3
33,Eastern,21.0,0,34.0,43.0,2.0,67.0,56.0,0.15,657.3
34,Northern,22.0,2,21.5,75.0,6.6,53.0,31.0,0.11,391.9
35,Eastern,8.0,0,18.1,84.0,12.5,97.0,76.0,0.37,739.7
36,Eastern,13.0,4,18.2,39.0,10.2,84.0,24.0,0.77,467.8
37,Central,18.0,4,20.5,43.0,7.6,72.0,46.0,0.34,609.3
38,Eastern,21.0,0,24.0,70.0,6.8,65.0,40.0,0.24,525.8
39,Western,5.0,3,18.4,82.0,10.8,92.0,51.0,0.11,584.8
40,Western,22.0,0,24.5,37.0,5.2,72.0,59.0,0.14,596.9
41,Central,7.0,1,18.4,47.0,0.0,99.0,55.0,0.2,715.9
42,Central,16.0,3,29.6,88.0,0.0,66.0,42.0,0.39,539.9
43,Western,8.0,0,19.8,62.0,0.0,88.0,85.0,0.08,774.2
44,Eastern,18.0,1,22.3,80.0,0.0,73.0,75.0,0.03,704.9
45,Northern,21.0,2,28.6,77.0,7.6,82.0,59.0,0.17,639.0
46,Western,10.0,3,29.9,70.0,6.6,93.0,42.0,0.51,592.2
47,Northern,9.0,3,27.3,35.0,1.9,79.0,76.0,0.33,714.0
48,Central,6.0,4,26.0,92.0,10.9,68.0,85.0,0.33,694.6
49,Eastern,19.0,2,19.6,95.0,3.1,62.0,38.0,0.01,492.4
50,Eastern,7.0,3,28.4,84.0,7.6,95.0,69.0,0.29,722.1
51,Central,7.0,1,29.2,35.0,10.8,99.0,74.0,0.13,789.3
52,Western,22.0,4,25.9,70.0,3.0,58.0,79.0,0.11,648.2
53,Western,17.0,4,23.4,83.0,8.3,85.0,77.0,0.52,674.4
54,Northern,23.0,6,26.1,51.0,3.1,99.0,86.0,0.04,767.2
55,Northern,7.0,2,25.5,80.0,2.1,84.0,30.0,0.08,527.9
56,Northern,7.0,3,29.8,80.0,4.2,84.0,79.0,0.24,728.8
57,Central,6.0,6,25.1,92.0,4.5,98.0,93.0,0.19,810.6
58,Western,0.0,2,23.1,59.0,10.5,84.0,89.0,0.0,724.1
59,Western,7.0,3,21.7,62.0,0.0,96.0,41.0,0.49,609.0
60,Central,4.0,4,27.1,93.0,0.0,55.0,74.0,0.05,643.6
61,Northern,14.0,1,18.9,59.0,0.4,98.0,68.0,0.23,698.9
62,Northern,13.0,2,32.2,65.0,9.2,64.0,28.0,0.72,434.0
63,Eastern,20.0,0,30.8,95.0,3.2,65.0,36.0,0.16,540.7
64,Eastern,3.0,4,34.1,64.0,0.3,88.0,34.0,0.19,556.3
65,Western,5.0,2,19.8,36.0,8.9,75.0,45.0,0.03,536.9
66,Central,22.0,6,28.7,41.0,1.6,100.0,92.0,0.13,858.2
67,Central,11.0,4,25.3,58.0,9.6,76.0,82.0,0.1,732.4
68,Northern,11.0,5,33.2,64.0,1.6,89.0,88.0,0.71,753.5
69,Central,14.0,3,32.0,72.0,1.9,67.0,77.0,0.2,713.9
70,Northern,14.0,4,28.4,59.0,0.0,61.0,82.0,0.18,664.5
71,Central,8.0,2,22.8,73.0,1.8,83.0,44.0,0.06,611.7
72,Western,23.0,3,26.3,83.0,3.3,78.0,22.0,0.01,470.4
73,Northern,7.0,3,29.8,54.0,0.5,77.0,90.0,0.19,753.8
74,Northern,22.0,3,22.6,51.0,4.0,57.0,88.0,0.16,667.1
75,Northern,22.0,1,21.3,82.0,0.0,56.0,44.0,0.05,469.3
76,Central,11.0,1,23.1,80.0,0.0,85.0,57.0,0.64,646.2
77,Northern,4.0,5,32.8,66.0,3.6,80.0,81.0,0.15,711.3
78,Western,5.0,0,22.3,90.0,0.0,81.0,29.0,0.24,491.1
79,Eastern,21.0,0,20.6,86.0,0.0,57.0,91.0,0.19,706.3
80,Western,19.0,4,31.4,49.0,3.8,69.0,95.0,0.41,775.6
81,Eastern,9.0,4,28.6,74.0,5.2,90.0,47.0,0.2,623.9
82,Western,2.0,1,22.1,70.0,3.3,94.0,80.0,0.05,737.8
83,Eastern,7.0,2,30.0,79.0,4.2,66.0,95.0,0.39,741.9
84,Eastern,6.0,3,20.0,49.0,0.0,54.0,27.0,0.08,405.2
85,Western,9.0,4,30.7,71.0,7.7,94.0,58.0,0.52,668.6
86,Western,8.0,4,27.2,63.0,4.2,97.0,61.0,0.4,698.0
87,Central,0.0,0,21.9,78.0,6.4,98.0,54.0,0.0,664.0
88,Western,5.0,3,26.8,63.0,5.7,90.0,82.0,0.4,734.3
89,Northern,15.0,2,24.9,55.0,0.0,76.0,83.0,0.22,685.6
90,Northern,12.0,6,30.9,37.0,0.0,57.0,71.0,0.86,606.0
91,Northern,0.0,5,32.8,64.0,0.2,89.0,83.0,0.0,756.4
92,Western,1.0,1,22.5,43.0,7.8,57.0,23.0,0.08,399.1
93,Western,19.0,6,22.1,45.0,2.7,55.0,48.0,0.41,539.2
94,Northern,3.0,3,34.1,76.0,5.9,82.0,54.0,0.1,596.3
95,Eastern,15.0,3,22.1,70.0,5.0,54.0,55.0,0.58,516.1
96,Northern,13.0,2,33.9,67.0,3.0,87.0,94.0,0.92,775.3
97,Western,15.0,6,20.5,69.0,0.0,79.0,61.0,0.65,610.4
98,Northern,22.0,1,27.7,49.0,6.2,97.0,80.0,0.12,744.2
99,Western,12.0,3,34.8,85.0,9.0,52.0,36.0,0.5,419.3
100,Western,18.0,2,32.8,90.0,4.3,50.0,38.0,0.2,484.1
101,Western,20.0,1,19.3,85.0,7.5,91.0,30.0,0.28,545.8
102,Western,21.0,6,27.1,55.0,0.0,84.0,24.0,0.15,531.0
103,Western,7.0,5,29.6,53.0,11.3,56.0,32.0,0.26,457.9
104,Northern,22.0,2,33.4,37.0,2.2,73.0,75.0,0.02,684.8
105,Western,16.0,3,27.6,85.0,4.3,89.0,50.0,0.33,606.3
106,Central,18.0,1,21.9,75.0,2.9,79.0,56.0,0.34,671.5
107,Western,5.0,0,25.5,57.0,7.2,94.0,52.0,0.19,629.0
108,Northern,9.0,1,35.0,89.0,0.0,86.0,57.0,0.74,644.9
109,Central,9.0,0,34.6,77.0,2.5,88.0,83.0,0.62,802.0
110,Eastern,9.0,6,31.6,73.0,4.1,89.0,52.0,0.51,639.9
111,Central,23.0,6,29.2,88.0,4.5,69.0,76.0,0.0,690.2
112,Eastern,11.0,5,20.2,93.0,0.7,62.0,36.0,0.72,464.1
113,Western,11.0,4,26.5,52.0,4.9,68.0,63.0,0.74,589.4
114,Western,14.0,0,20.4,49.0,8.1,85.0,66.0,0.08,642.0
115,Northern,12.0,0,22.5,42.0,0.0,87.0,68.0,0.82,667.3
116,Northern,11.0,0,26.7,65.0,13.3,89.0,48.0,0.59,580.8
117,Eastern,20.0,6,25.9,79.0,1.4,52.0,24.0,0.1,446.4
118,Northern,15.0,0,19.7,91.0,0.0,92.0,89.0,0.31,743.5
119,Western,23.0,5,20.6,61.0,0.0,67.0,24.0,0.06,425.4
120,Northern,6.0,3,25.6,50.0,4.4,84.0,65.0,0.03,648.3
121,Eastern,8.0,1,34.5,95.0,6.2,91.0,22.0,0.03,525.1
122,Eastern,10.0,1,34.8,85.0,1.3,87.0,47.0,0.68,601.3
123,Eastern,7.0,2,31.2,85.0,3.3,58.0,89.0,0.15,700.8
124,Eastern,5.0,0,29.2,36.0,6.2,87.0,61.0,0.01,675.1
125,Western,8.0,0,20.2,61.0,0.0,78.0,66.0,0.34,651.7
126,Northern,3.0,3,26.6,95.0,0.0,79.0,23.0,0.02,450.4
127,Western,15.0,6,24.8,78.0,9.1,54.0,30.0,0.24,416.1
128,Northern,4.0,0,20.1,74.0,0.0,74.0,87.0,0.1,686.6
129,Eastern,16.0,4,25.3,85.0,0.1,77.0,77.0,0.59,661.7
130,Western,13.0,2,32.1,60.0,1.1,70.0,52.0,0.34,578.3
131,Western,4.0,5,33.7,39.0,4.8,56.0,67.0,0.27,603.4
132,Western,17.0,0,28.0,70.0,0.0,72.0,74.0,0.51,652.8
133,Eastern,23.0,0,34.5,73.0,2.1,59.0,81.0,0.02,670.8
134,Eastern,3.0,2,32.4,58.0,6.0,77.0,91.0,0.24,758.3
135,Northern,19.0,4,29.5,70.0,14.3,51.0,43.0,0.11,490.9
136,Western,9.0,2,24.0,46.0,7.4,54.0,38.0,0.56,461.6
137,Eastern,0.0,0,30.7,48.0,0.0,73.0,59.0,0.0,633.4
138,Central,18.0,4,19.4,38.0,7.7,93.0,30.0,0.14,620.1
139,Central,21.0,3,26.3,63.0,0.0,72.0,75.0,0.03,745.8
140,Western,21.0,5,28.1,68.0,2.2,88.0,27.0,0.0,560.6
141,Central,9.0,1,31.0,83.0,2.8,81.0,75.0,0.13,752.8
142,Northern,12.0,4,30.0,67.0,0.0,54.0,70.0,0.86,573.0
143,Western,1.0,3,18.3,93.0,6.8,86.0,71.0,0.06,658.6
144,Western,13.0,2,20.0,36.0,6.0,94.0,66.0,0.08,685.4
145,Northern,3.0,1,25.4,60.0,0.0,97.0,63.0,0.06,682.7
146,Northern,5.0,0,26.7,42.0,0.0,72.0,38.0,0.1,517.1
147,Central,4.0,2,21.4,73.0,7.8,61.0,83.0,0.15,685.7
148,Northern,18.0,6,27.9,78.0,8.7,90.0,60.0,0.08,670.6
149,Northern,2.0,3,25.5,54.0,4.9,82.0,29.0,0.05,488.0
150,Central,14.0,0,19.0,88.0,1.3,89.0,84.0,0.32,770.2
151,Eastern,18.0,4,34.2,82.0,7.3,70.0,80.0,0.25,715.6
152,Central,1.0,3,19.8,92.0,10.4,82.0,42.0,0.0,541.8
153,Northern,22.0,3,34.8,68.0,0.1,68.0,69.0,0.07,635.5
154,Northern,10.0,5,28.2,85.0,0.0,56.0,91.0,0.57,655.6
155,Eastern,9.0,2,30.3,77.0,9.6,71.0,30.0,0.44,489.4
156,Central,4.0,2,23.3,76.0,1.4,69.0,91.0,0.13,735.6
157,Central,10.0,6,20.2,79.0,6.9,91.0,74.0,0.42,709.6
158,Western,0.0,2,23.3,95.0,5.7,62.0,48.0,0.0,522.0
159,Central,4.0,0,23.0,85.0,9.9,92.0,63.0,0.29,689.0
160,Eastern,19.0,1,28.2,44.0,7.9,96.0,76.0,0.02,801.5
161,Western,11.0,5,30.2,63.0,0.0,64.0,88.0,0.22,692.3
162,Western,15.0,6,21.3,78.0,16.6,99.0,56.0,0.58,616.3
163,Eastern,16.0,4,25.1,45.0,6.7,66.0,26.0,0.43,434.6
164,Northern,11.0,4,33.9,80.0,8.5,55.0,40.0,0.25,446.4
165,Western,16.0,1,32.1,40.0,6.3,72.0,23.0,0.28,465.7
166,Central,12.0,4,24.4,59.0,7.8,70.0,32.0,0.84,498.6
167,Western,20.0,2,31.5,43.0,13.8,94.0,37.0,0.25,620.6
168,Eastern,15.0,3,28.5,92.0,6.4,85.0,87.0,0.32,741.7
169,Western,9.0,1,23.1,38.0,3.5,54.0,34.0,0.63,470.7
170,Eastern,15.0,4,27.1,75.0,0.0,68.0,74.0,0.0,653.6
171,Northern,11.0,1,27.7,46.0,1.9,54.0,87.0,0.5,648.7
172,Northern,16.0,4,18.3,90.0,0.0,66.0,22.0,0.24,400.1
173,Northern,2.0,2,22.1,77.0,0.0,58.0,25.0,0.06,391.6
174,Western,10.0,6,28.9,88.0,3.3,90.0,43.0,0.68,564.6
175,Eastern,2.0,5,31.2,64.0,6.3,52.0,60.0,0.16,552.2
176,Eastern,16.0,3,34.8,69.0,1.7,68.0,65.0,0.57,625.3
177,Western,1.0,6,29.1,52.0,6.4,97.0,76.0,0.07,752.2
178,Northern,12.0,2,34.6,66.0,1.3,55.0,74.0,0.08,608.5
179,Northern,19.0,6,21.1,53.0,2.1,69.0,77.0,0.25,687.0
180,Northern,13.0,1,29.7,57.0,0.0,89.0,75.0,0.25,719.1
181,Eastern,1.0,0,29.4,60.0,0.0,51.0,38.0,0.07,479.6
182,Northern,21.0,6,25.4,43.0,10.9,73.0,69.0,0.24,669.3
183,Central,1.0,4,20.6,63.0,7.6,86.0,37.0,0.04,567.6
184,Eastern,12.0,2,29.0,50.0,4.1,81.0,86.0,0.39,742.5
185,Northern,17.0,0,22.5,51.0,2.0,94.0,82.0,0.12,739.5
186,Central,4.0,6,19.3,46.0,7.4,93.0,60.0,0.22,679.6
187,Eastern,22.0,0,27.3,53.0,10.6,100.0,66.0,0.08,700.4
188,Northern,3.0,1,31.5,50.0,3.3,79.0,90.0,0.03,747.8
189,Western,2.0,0,23.3,80.0,1.8,86.0,29.0,0.02,501.0
190,Eastern,10.0,5,19.3,64.0,1.0,99.0,36.0,0.36,570.4
191,Eastern,1.0,6,20.1,44.0,2.0,72.0,86.0,0.07,713.0
192,Central,2.0,2,21.3,70.0,1.9,82.0,41.0,0.1,591.3
193,Central,18.0,1,20.9,74.0,1.7,51.0,30.0,0.02,471.6
194,Central,20.0,6,27.8,76.0,4.6,81.0,89.0,0.1,825.9
195,Central,9.0,3,22.2,86.0,1.3,94.0,27.0,0.12,570.1
196,Northern,13.0,3,25.9,56.0,0.0,96.0,64.0,0.89,670.7
197,Central,4.0,6,24.3,70.0,5.9,67.0,77.0,0.08,683.2
198,Eastern,3.0,0,22.9,59.0,6.4,70.0,93.0,0.18,715.6
199,Western,6.0,6,20.7,67.0,0.0,51.0,31.0,0.47,413.0
200,Northern,16.0,3,34.4,48.0,1.6,81.0,80.0,0.19,721.1
201,Western,0.0,6,19.8,43.0,9.0,73.0,25.0,0.0,444.2
202,Western,18.0,4,21.3,70.0,1.8,98.0,90.0,0.14,836.5
203,Northern,19.0,5,28.4,43.0,7.9,85.0,66.0,0.31,695.9
204,Northern,6.0,4,26.7,67.0,4.4,80.0,86.0,0.23,716.1
205,Northern,19.0,4,20.4,94.0,0.7,87.0,63.0,0.21,663.9
206,Northern,16.0,4,26.3,71.0,0.2,71.0,34.0,0.65,492.1
207,Western,18.0,2,31.5,81.0,7.9,66.0,94.0,0.29,745.3
208,Western,23.0,0,27.9,45.0,0.0,59.0,51.0,0.0,541.9
209,Eastern,22.0,0,21.2,63.0,1.9,76.0,84.0,0.13,710.6
210,Eastern,15.0,6,32.4,81.0,5.5,85.0,61.0,0.75,643.6
211,Northern,15.0,4,24.4,46.0,0.0,93.0,53.0,0.46,632.0
212,Northern,6.0,1,22.7,54.0,5.1,99.0,56.0,0.35,668.1
213,Northern,22.0,5,26.3,65.0,0.0,68.0,35.0,0.1,499.3
214,Eastern,17.0,3,33.2,60.0,8.2,68.0,25.0,0.17,443.5
215,Eastern,22.0,0,23.9,63.0,0.0,62.0,88.0,0.05,678.8
216,Eastern,17.0,5,22.6,41.0,0.0,53.0,87.0,0.13,656.8
217,Eastern,7.0,0,19.7,56.0,2.5,50.0,90.0,0.57,661.1
218,Eastern,5.0,3,29.1,91.0,7.1,98.0,56.0,0.13,650.9
219,Central,20.0,0,33.4,40.0,0.9,61.0,73.0,0.29,715.3
220,Northern,5.0,0,35.0,60.0,3.8,52.0,21.0,0.12,388.5
221,Western,19.0,0,33.8,56.0,0.0,58.0,84.0,0.2,740.7
222,Eastern,6.0,6,19.9,45.0,2.1,50.0,63.0,0.4,533.2
223,Western,18.0,5,30.9,46.0,0.0,77.0,85.0,0.16,769.7
224,Central,12.0,5,19.6,43.0,0.0,66.0,69.0,0.24,655.0
225,Northern,8.0,2,23.1,81.0,0.0,94.0,50.0,0.04,627.4
226,Northern,3.0,3,23.2,60.0,0.0,94.0,35.0,0.16,540.3
227,Western,9.0,2,28.4,49.0,8.5,97.0,67.0,0.31,721.4
228,Eastern,17.0,3,30.9,86.0,1.2,93.0,30.0,0.31,545.1
229,Eastern,16.0,5,24.2,93.0,1.4,86.0,88.0,0.1,746.5
230,Western,10.0,6,26.8,42.0,0.0,55.0,85.0,0.37,649.7
231,Western,1.0,3,20.2,61.0,1.3,93.0,59.0,0.06,653.9
232,Western,12.0,2,31.9,82.0,3.4,72.0,28.0,0.54,473.9
233,Eastern,1.0,0,34.8,65.0,8.0,99.0,73.0,0.03,751.8
234,Eastern,12.0,3,32.8,93.0,1.5,91.0,64.0,0.12,685.6
235,Central,17.0,3,27.0,81.0,12.4,69.0,79.0,0.39,678.1
236,Eastern,17.0,3,27.0,87.0,3.7,67.0,44.0,0.55,521.2
237,Central,23.0,6,19.9,86.0,0.0,65.0,46.0,0.01,534.9
238,Central,19.0,0,25.6,78.0,2.5,75.0,76.0,0.1,741.3
239,Eastern,6.0,6,32.7,38.0,13.1,96.0,93.0,0.16,837.7
240,Eastern,19.0,6,29.4,55.0,3.8,76.0,58.0,0.11,675.7
241,Western,17.0,4,33.0,93.0,6.4,53.0,64.0,0.55,561.7
242,Northern,21.0,3,31.4,55.0,1.3,74.0,43.0,0.19,577.3
243,Western,15.0,1,32.4,54.0,4.7,53.0,91.0,0.31,676.0
244,Central,13.0,4,27.0,59.0,3.2,78.0,67.0,0.08,691.8
245,Central,23.0,6,21.2,52.0,0.0,54.0,44.0,0.07,526.2
246,Northern,18.0,5,29.4,48.0,0.0,69.0,21.0,0.11,486.0
247,Eastern,6.0,5,20.0,83.0,0.0,75.0,50.0,0.28,558.4
248,Western,9.0,3,25.9,76.0,0.5,79.0,32.0,0.6,526.5
249,Western,23.0,3,30.9,55.0,7.1,52.0,92.0,0.07,673.2
250,Western,23.0,1,18.3,70.0,9.0,68.0,39.0,0.02,475.6
251,Northern,7.0,3,27.7,50.0,0.0,66.0,82.0,0.56,688.1
252,Eastern,20.0,5,26.3,45.0,2.5,96.0,89.0,0.16,835.0
253,Central,17.0,5,34.3,68.0,12.5,98.0,20.0,0.24,556.3
254,Northern,20.0,1,19.2,44.0,8.9,53.0,81.0,0.22,642.7
255,Northern,0.0,0,27.0,61.0,9.1,84.0,56.0,0.0,607.7
256,Central,22.0,5,25.3,95.0,5.0,83.0,39.0,0.04,567.5
257,Northern,19.0,4,22.3,57.0,2.5,75.0,78.0,0.24,714.4
258,Central,22.0,1,23.1,87.0,7.2,55.0,71.0,0.06,599.2
259,Western,17.0,3,19.0,35.0,2.4,91.0,62.0,0.33,658.3
260,Western,3.0,4,33.6,49.0,5.4,67.0,25.0,0.23,477.7
261,Northern,21.0,2,33.3,71.0,1.3,51.0,46.0,0.15,521.8
262,Western,22.0,6,24.8,39.0,1.0,93.0,89.0,0.06,801.4
263,Northern,23.0,1,31.4,79.0,2.0,53.0,32.0,0.04,420.3
264,Northern,2.0,2,28.3,74.0,7.8,51.0,54.0,0.13,495.1
265,Western,14.0,3,21.9,70.0,8.0,55.0,57.0,0.67,508.7
266,Eastern,22.0,0,19.4,44.0,0.0,97.0,69.0,0.05,727.0
267,Central,3.0,0,18.1,54.0,0.0,58.0,31.0,0.05,476.5
268,Central,14.0,4,27.4,61.0,4.7,88.0,61.0,0.72,682.6
269,Eastern,0.0,2,25.0,84.0,12.3,86.0,86.0,0.0,738.7
270,Eastern,12.0,1,20.4,54.0,2.7,77.0,55.0,0.42,594.3
271,Western,15.0,6,19.3,51.0,10.5,88.0,45.0,0.34,562.0
272,Northern,4.0,2,18.1,60.0,0.0,78.0,62.0,0.14,616.8
273,Western,20.0,4,20.3,55.0,0.0,70.0,42.0,0.32,549.4
274,Eastern,10.0,2,30.5,75.0,0.0,70.0,68.0,0.23,640.1
275,Eastern,12.0,2,19.9,71.0,8.3,93.0,90.0,0.03,793.6
276,Central,23.0,3,34.0,48.0,0.0,100.0,72.0,0.06,798.4
277,Western,4.0,5,23.1,51.0,0.0,54.0,77.0,0.33,605.2
278,Western,15.0,4,24.8,67.0,11.9,84.0,24.0,0.59,461.6
279,Central,11.0,5,33.2,69.0,0.0,99.0,51.0,0.6,680.9
280,Western,11.0,1,29.0,37.0,0.0,98.0,62.0,0.89,692.4
281,Eastern,13.0,0,18.2,51.0,4.5,78.0,67.0,0.36,648.9
282,Central,21.0,4,29.7,44.0,2.4,68.0,73.0,0.23,732.2
283,Western,2.0,0,32.1,81.0,5.7,100.0,46.0,0.09,636.3
284,Northern,11.0,3,19.7,81.0,1.6,52.0,34.0,0.02,404.7
285,Eastern,10.0,5,19.9,86.0,10.4,83.0,42.0,0.46,549.6
286,Eastern,10.0,4,25.2,64.0,3.6,61.0,75.0,0.33,635.5
287,Eastern,23.0,4,33.0,63.0,0.0,63.0,55.0,0.06,574.6
288,Eastern,2.0,4,19.7,90.0,0.0,79.0,34.0,0.04,504.0
289,Central,15.0,4,34.4,55.0,0.0,72.0,65.0,0.63,667.1
290,Central,19.0,1,31.8,80.0,6.5,93.0,37.0,0.13,629.9
291,Western,7.0,2,20.0,58.0,0.9,88.0,37.0,0.34,558.4
292,Eastern,13.0,1,26.3,69.0,0.5,85.0,41.0,0.45,555.7
293,Central,4.0,1,23.3,63.0,0.0,81.0,37.0,0.07,560.4
294,Western,12.0,4,26.6,66.0,0.0,81.0,41.0,0.08,562.6
295,Northern,0.0,6,30.9,53.0,6.5,60.0,78.0,0.0,639.0
296,Northern,15.0,4,26.7,71.0,9.5,84.0,25.0,0.57,478.3
297,Eastern,14.0,4,21.7,62.0,10.5,69.0,24.0,0.37,439.3
298,Eastern,11.0,6,31.9,63.0,4.7,63.0,95.0,0.63,718.1
299,Eastern,22.0,4,28.8,45.0,0.0,53.0,92.0,0.06,686.4
300,Northern,8.0,4,27.2,55.0,7.1,82.0,32.0,0.09,528.5
301,Eastern,13.0,0,34.9,90.0,0.0,65.0,38.0,0.65,490.7
302,Northern,7.0,6,32.3,60.0,0.0,90.0,73.0,0.22,735.0
303,Northern,2.0,5,31.5,84.0,8.0,94.0,67.0,0.08,686.5
304,Western,15.0,2,27.9,90.0,4.2,90.0,65.0,0.64,646.1
305,Northern,17.0,3,21.7,62.0,5.6,68.0,63.0,0.32,568.1
306,Central,4.0,4,32.5,85.0,0.0,52.0,32.0,0.21,481.9
307,Western,14.0,0,20.1,89.0,6.0,62.0,36.0,0.74,446.9
308,Northern,9.0,1,32.9,91.0,1.9,55.0,67.0,0.5,598.6
309,Eastern,20.0,1,18.9,75.0,0.4,77.0,31.0,0.23,540.4
310,Western,0.0,1,26.1,43.0,0.0,50.0,21.0,0.0,388.6
311,Central,3.0,6,25.2,43.0,0.0,96.0,33.0,0.03,613.6
312,Eastern,11.0,2,20.3,84.0,6.9,54.0,87.0,0.52,613.8
313,Eastern,19.0,5,20.8,57.0,1.8,76.0,76.0,0.36,701.6
314,Western,2.0,0,20.4,42.0,0.0,70.0,37.0,0.04,502.2
315,Central,20.0,0,22.2,73.0,0.0,92.0,58.0,0.07,715.7
316,Eastern,19.0,4,21.2,60.0,2.5,81.0,69.0,0.05,705.5
317,Northern,15.0,5,28.1,68.0,3.6,70.0,36.0,0.29,487.4
318,Central,18.0,3,24.2,78.0,5.6,51.0,95.0,0.03,749.3
319,Northern,8.0,1,18.7,38.0,7.8,90.0,84.0,0.51,741.3
320,Northern,13.0,5,24.8,75.0,0.0,55.0,59.0,0.07,532.0
321,Central,6.0,6,20.6,55.0,0.0,69.0,75.0,0.36,688.0
322,Central,7.0,0,22.2,94.0,0.0,69.0,42.0,0.07,564.3
323,Northern,22.0,1,29.9,45.0,0.0,60.0,67.0,0.02,604.7
324,Western,8.0,5,33.1,84.0,6.7,67.0,87.0,0.04,711.7
325,Western,22.0,4,28.7,66.0,0.0,86.0,41.0,0.06,579.2
326,Central,8.0,6,19.7,71.0,1.9,52.0,21.0,0.16,422.2
327,Central,15.0,2,24.5,44.0,8.5,85.0,73.0,0.17,741.4
328,Northern,7.0,3,33.6,55.0,2.7,57.0,84.0,0.39,680.5
329,Central,1.0,1,21.8,68.0,15.3,79.0,56.0,0.06,611.2
330,Northern,9.0,2,19.5,64.0,6.3,97.0,51.0,0.35,629.0
331,Eastern,18.0,3,35.0,84.0,6.6,59.0,20.0,0.47,462.6
332,Northern,0.0,1,27.2,75.0,8.5,50.0,68.0,0.0,534.8
333,Central,23.0,2,19.8,68.0,8.2,59.0,55.0,0.01,556.1
334,Central,7.0,6,26.8,79.0,7.4,87.0,32.0,0.29,570.1
335,Eastern,20.0,6,24.7,72.0,0.0,65.0,57.0,0.09,608.7
336,Northern,10.0,6,24.7,88.0,2.6,64.0,29.0,0.79,414.5
337,Western,4.0,6,31.1,41.0,4.7,70.0,72.0,0.04,665.1
338,Central,11.0,6,21.5,54.0,0.0,60.0,58.0,0.76,585.6
339,Eastern,22.0,4,18.7,88.0,4.8,72.0,70.0,0.09,616.1
340,Western,21.0,2,22.4,46.0,8.0,85.0,90.0,0.06,795.1
341,Eastern,14.0,0,31.7,43.0,4.3,58.0,45.0,0.69,515.4
342,Central,11.0,5,28.7,76.0,8.7,51.0,28.0,0.18,441.6
343,Northern,20.0,3,31.8,40.0,10.8,57.0,25.0,0.31,444.3
344,Central,1.0,1,33.7,62.0,5.2,74.0,74.0,0.01,705.4
345,Eastern,6.0,1,22.7,63.0,4.0,91.0,57.0,0.25,640.0
346,Eastern,17.0,3,19.0,52.0,0.0,90.0,89.0,0.46,771.9
347,Northern,12.0,6,30.1,65.0,3.3,74.0,54.0,0.18,582.0
348,Western,10.0,4,21.7,92.0,4.5,83.0,65.0,0.64,618.2
349,Central,7.0,1,19.7,77.0,3.3,98.0,48.0,0.34,674.4
350,Northern,12.0,2,33.9,89.0,4.7,97.0,65.0,0.91,682.7
351,Eastern,0.0,5,29.9,95.0,0.5,81.0,89.0,0.0,748.2
352,Western,15.0,0,19.5,49.0,2.2,50.0,62.0,0.69,527.8
353,Northern,6.0,6,20.2,80.0,7.0,53.0,22.0,0.07,371.8
354,Central,22.0,1,31.2,89.0,0.0,73.0,70.0,0.1,683.0
355,Western,10.0,2,23.5,45.0,2.4,91.0,60.0,0.15,652.6
356,Eastern,17.0,5,33.1,74.0,3.8,74.0,59.0,0.43,606.9
357,Western,9.0,1,21.0,35.0,14.6,99.0,92.0,0.02,809.6
358,Western,19.0,2,33.7,74.0,4.2,59.0,62.0,0.31,627.0
359,Northern,7.0,2,34.7,45.0,0.0,78.0,21.0,0.15,486.6
360,Central,7.0,5,19.2,51.0,4.8,74.0,76.0,0.43,697.9
361,Western,5.0,3,26.4,59.0,0.1,100.0,93.0,0.27,828.2
362,Central,21.0,1,20.8,39.0,3.4,70.0,53.0,0.24,637.3
363,Central,2.0,2,20.9,59.0,4.0,71.0,81.0,0.12,710.1
364,Northern,13.0,5,20.8,91.0,1.5,63.0,44.0,0.38,478.3
365,Eastern,17.0,5,33.7,69.0,2.6,56.0,26.0,0.23,440.9
366,Northern,17.0,6,26.3,38.0,0.0,92.0,81.0,0.12,757.1
367,Central,0.0,1,20.9,53.0,8.6,69.0,70.0,0.0,653.4
368,Western,21.0,2,19.5,69.0,0.0,73.0,43.0,0.11,570.8
369,Eastern,8.0,3,25.9,49.0,6.4,98.0,32.0,0.06,584.9
370,Western,11.0,6,27.2,83.0,0.0,83.0,73.0,0.89,668.4
371,Central,21.0,6,33.9,71.0,7.2,75.0,24.0,0.13,541.5
372,Western,16.0,6,27.7,74.0,10.3,61.0,41.0,0.65,488.2
373,Eastern,6.0,1,18.7,40.0,8.3,88.0,53.0,0.16,611.9
374,Northern,23.0,6,19.1,59.0,0.0,83.0,78.0,0.08,685.9
375,Western,0.0,6,29.9,72.0,0.0,59.0,38.0,0.0,483.8
376,Central,18.0,6,34.4,41.0,8.7,100.0,56.0,0.43,752.2
377,Central,11.0,3,22.5,76.0,0.0,61.0,55.0,0.37,573.0
378,Northern,19.0,4,29.6,60.0,13.2,94.0,50.0,0.02,656.2
379,Northern,15.0,2,33.2,36.0,0.0,67.0,82.0,0.64,698.5
380,Western,21.0,0,34.5,49.0,12.0,99.0,61.0,0.07,752.5
381,Western,13.0,4,29.0,47.0,0.0,97.0,82.0,0.7,779.0
382,Western,11.0,6,19.0,85.0,5.3,58.0,87.0,0.81,636.7
383,Central,0.0,1,21.3,88.0,3.5,79.0,26.0,0.0,505.8
384,Central,22.0,1,22.7,87.0,0.0,93.0,23.0,0.04,542.8
385,Northern,15.0,4,25.6,90.0,0.0,60.0,53.0,0.56,515.4
386,Eastern,22.0,0,22.8,59.0,12.3,64.0,48.0,0.11,520.7
387,Central,8.0,5,25.0,36.0,11.6,80.0,36.0,0.43,560.0
388,Northern,19.0,6,18.1,51.0,0.0,77.0,68.0,0.35,656.5
389,Western,14.0,2,21.7,54.0,0.0,87.0,33.0,0.01,526.3
390,Northern,21.0,6,32.3,70.0,0.0,93.0,33.0,0.12,592.0
391,Northern,10.0,2,28.9,90.0,1.8,62.0,39.0,0.43,481.2
392,Northern,7.0,0,31.7,86.0,4.9,93.0,37.0,0.42,569.8
393,Central,20.0,3,35.0,51.0,7.2,87.0,93.0,0.27,863.3
394,Northern,10.0,5,30.1,78.0,0.0,82.0,58.0,0.7,608.5
395,Eastern,21.0,4,21.1,41.0,0.0,93.0,62.0,0.16,722.8
396,Northern,7.0,2,21.8,90.0,0.0,73.0,53.0,0.34,581.7
397,Central,14.0,6,20.0,38.0,7.4,80.0,44.0,0.42,575.5
398,Eastern,21.0,3,27.0,61.0,12.3,62.0,63.0,0.1,622.9
399,Western,18.0,3,20.4,90.0,1.1,71.0,42.0,0.16,533.2
400,Eastern,1.0,0,25.7,48.0,3.2,81.0,31.0,0.01,519.4
401,Central,13.0,5,25.3,62.0,7.8,84.0,45.0,0.67,594.3
402,Eastern,0.0,2,30.9,68.0,5.7,64.0,64.0,0.0,615.2
403,Northern,3.0,3,26.6,54.0,7.6,68.0,78.0,0.18,661.4
404,Western,19.0,4,23.7,91.0,2.0,72.0,44.0,0.07,560.0
405,Central,12.0,0,21.9,81.0,6.4,87.0,84.0,0.17,755.7
406,Central,11.0,5,29.1,37.0,0.0,88.0,26.0,0.61,570.3
407,Central,20.0,6,18.3,79.0,7.0,85.0,52.0,0.16,660.9
408,Central,4.0,1,29.8,75.0,8.2,92.0,86.0,0.09,796.4
409,Central,19.0,5,20.3,88.0,7.8,68.0,34.0,0.33,523.1
410,Eastern,15.0,1,28.4,84.0,2.5,72.0,72.0,0.22,659.9
411,Eastern,1.0,4,26.4,48.0,0.8,50.0,21.0,0.06,387.0
412,Central,3.0,6,27.8,66.0,4.3,96.0,32.0,0.23,598.1
413,Eastern,20.0,1,25.8,53.0,2.9,52.0,57.0,0.12,580.8
414,Central,21.0,2,25.2,42.0,10.0,50.0,37.0,0.17,521.6
415,Central,5.0,2,24.1,63.0,6.8,73.0,63.0,0.08,640.8
416,Western,12.0,3,34.4,52.0,6.9,76.0,41.0,0.11,542.5
417,Western,22.0,5,19.0,95.0,4.3,86.0,76.0,0.03,677.0
418,Eastern,12.0,6,24.1,36.0,9.7,80.0,82.0,0.11,703.1
419,Eastern,13.0,3,18.8,51.0,2.6,92.0,63.0,0.48,663.1
420,Northern,22.0,5,28.5,62.0,1.0,92.0,69.0,0.02,692.3
421,Western,17.0,4,18.9,76.0,8.4,81.0,41.0,0.04,522.4
422,Western,15.0,2,22.1,52.0,6.4,75.0,50.0,0.06,564.7
423,Central,14.0,6,27.7,40.0,6.4,81.0,22.0,0.09,512.6
424,Northern,13.0,0,27.5,35.0,7.1,82.0,91.0,0.19,739.9
425,Western,21.0,3,34.2,58.0,7.2,71.0,91.0,0.19,760.4
426,Eastern,19.0,3,30.2,58.0,2.5,50.0,63.0,0.15,599.4
427,Eastern,20.0,6,23.0,68.0,1.3,81.0,37.0,0.27,576.5
428,Western,23.0,5,25.0,51.0,0.5,63.0,78.0,0.07,650.5
429,Central,6.0,5,23.7,83.0,0.0,99.0,77.0,0.23,785.1
430,Western,18.0,4,20.3,66.0,11.2,87.0,81.0,0.46,740.9
431,Northern,5.0,5,27.8,81.0,3.9,82.0,69.0,0.17,648.4
432,Northern,19.0,5,31.0,52.0,0.0,78.0,37.0,0.06,581.7
433,Northern,19.0,5,33.1,67.0,0.6,95.0,90.0,0.26,846.5
434,Eastern,6.0,1,28.6,53.0,0.0,95.0,42.0,0.25,598.6
435,Western,22.0,5,23.5,42.0,3.4,93.0,88.0,0.18,770.1
436,Central,13.0,6,18.2,41.0,5.8,62.0,54.0,0.69,563.7
437,Northern,5.0,2,29.6,44.0,7.1,63.0,89.0,0.01,680.4
438,Western,14.0,0,28.5,78.0,2.3,65.0,85.0,0.65,656.6
439,Northern,22.0,2,29.8,38.0,7.4,85.0,26.0,0.0,503.8
440,Eastern,8.0,1,28.5,84.0,6.5,90.0,67.0,0.5,687.5
441,Western,17.0,5,28.3,84.0,2.5,61.0,29.0,0.11,436.4
442,Northern,5.0,5,26.7,59.0,6.9,58.0,40.0,0.24,466.5
443,Northern,8.0,0,23.6,80.0,4.3,88.0,26.0,0.52,503.1
444,Northern,20.0,4,32.3,54.0,0.0,54.0,60.0,0.18,597.9
445,Western,5.0,4,19.2,67.0,6.4,55.0,64.0,0.09,555.1
446,Western,6.0,5,23.6,58.0,0.0,85.0,21.0,0.06,506.0
447,Central,11.0,3,22.1,76.0,0.0,93.0,61.0,0.35,684.2
448,Northern,3.0,3,22.4,81.0,0.7,82.0,85.0,0.11,727.9
449,Central,1.0,2,33.3,47.0,2.1,60.0,88.0,0.04,739.0
450,Western,20.0,0,21.6,75.0,4.5,56.0,46.0,0.18,504.9
451,Eastern,22.0,5,31.2,76.0,3.8,51.0,78.0,0.12,616.7
452,Eastern,1.0,0,19.2,46.0,4.8,66.0,72.0,0.03,618.5
453,Central,20.0,3,25.4,36.0,1.1,91.0,28.0,0.25,618.6
454,Northern,18.0,0,29.9,39.0,0.0,100.0,58.0,0.3,734.1
455,Western,9.0,6,33.8,59.0,0.0,60.0,88.0,0.16,725.8
456,Eastern,23.0,3,31.5,89.0,0.0,69.0,67.0,0.08,625.4
457,Western,0.0,4,32.9,44.0,3.4,84.0,90.0,0.0,780.7
458,Eastern,9.0,1,30.7,92.0,2.5,60.0,43.0,0.17,514.8
459,Western,8.0,1,19.9,77.0,6.0,91.0,90.0,0.05,762.4
460,Northern,21.0,0,22.3,47.0,2.1,72.0,36.0,0.17,526.0
461,Western,7.0,0,22.8,39.0,6.5,71.0,59.0,0.4,604.1
462,Central,4.0,4,27.6,86.0,0.9,70.0,51.0,0.26,597.3
463,Northern,22.0,5,28.9,52.0,4.4,80.0,79.0,0.07,696.7
464,Northern,9.0,3,27.4,46.0,1.7,58.0,88.0,0.15,690.0
465,Central,23.0,5,19.3,39.0,10.6,87.0,94.0,0.03,793.9
466,Western,18.0,1,33.4,70.0,2.3,91.0,39.0,0.18,643.6
467,Central,7.0,6,28.0,89.0,1.6,75.0,66.0,0.29,691.3
468,Eastern,21.0,1,32.4,86.0,10.5,78.0,40.0,0.04,576.7
469,Northern,18.0,5,32.8,44.0,2.5,52.0,48.0,0.38,532.4
470,Northern,7.0,0,22.5,49.0,6.3,74.0,80.0,0.54,686.3
471,Northern,1.0,0,34.7,55.0,13.5,97.0,53.0,0.05,657.1
472,Central,18.0,1,24.4,59.0,0.0,83.0,52.0,0.19,688.1
473,Western,7.0,4,24.9,87.0,6.9,88.0,20.0,0.29,482.5
474,Eastern,4.0,3,20.8,39.0,0.0,61.0,40.0,0.12,496.6
475,Central,22.0,6,20.0,49.0,0.0,80.0,81.0,0.08,746.9
476,Eastern,18.0,1,29.0,61.0,4.5,58.0,85.0,0.02,710.9
477,Western,18.0,1,19.0,51.0,8.3,88.0,92.0,0.32,792.8
478,Western,23.0,5,29.2,53.0,6.3,80.0,41.0,0.02,554.6
479,Northern,13.0,4,20.4,72.0,4.4,60.0,63.0,0.85,535.1
480,Eastern,19.0,4,19.2,59.0,1.2,83.0,84.0,0.29,766.2
481,Central,4.0,4,19.6,65.0,8.5,55.0,81.0,0.22,639.9
482,Western,19.0,4,32.1,92.0,10.0,83.0,73.0,0.15,711.6
483,Western,1.0,5,27.0,49.0,8.3,72.0,95.0,0.07,738.4
484,Central,22.0,4,19.7,43.0,2.8,68.0,89.0,0.07,750.6
485,Central,6.0,0,30.1,85.0,9.1,74.0,46.0,0.34,573.9
486,Northern,10.0,3,24.2,44.0,0.0,84.0,74.0,0.47,691.5
487,Western,19.0,2,34.9,60.0,3.2,61.0,67.0,0.23,645.3
488,Eastern,15.0,2,34.8,71.0,0.0,92.0,35.0,0.56,589.2
489,Northern,14.0,6,29.9,45.0,7.8,85.0,26.0,0.13,507.8
490,Western,20.0,0,31.7,87.0,10.0,55.0,28.0,0.09,468.7
491,Northern,11.0,0,28.4,81.0,0.0,95.0,27.0,0.87,534.7
492,Northern,5.0,5,26.4,35.0,5.2,62.0,24.0,0.33,434.2
493,Eastern,16.0,4,29.9,74.0,3.7,91.0,20.0,0.65,499.8
494,Eastern,2.0,2,31.3,57.0,0.5,83.0,21.0,0.12,493.1
495,Northern,2.0,0,27.3,81.0,8.3,72.0,55.0,0.04,544.6
496,Central,6.0,3,33.8,71.0,6.1,85.0,29.0,0.25,557.4
497,Northern,10.0,0,31.7,51.0,9.5,94.0,76.0,0.81,707.3
498,Western,18.0,3,31.1,83.0,0.0,87.0,23.0,0.24,555.1
499,Eastern,8.0,0,24.5,85.0,10.5,70.0,72.0,0.64,637.2
500,Western,16.0,4,18.2,88.0,2.7,93.0,63.0,0.05,659.0
501,Eastern,5.0,3,23.3,48.0,6.1,81.0,45.0,0.1,565.8
502,Northern,7.0,6,22.5,49.0,4.1,59.0,33.0,0.07,468.0
503,Central,2.0,5,34.2,66.0,0.0,80.0,67.0,0.1,699.6
504,Northern,15.0,4,32.8,66.0,6.5,75.0,48.0,0.56,565.5
505,Northern,4.0,0,26.9,62.0,0.0,75.0,42.0,0.15,536.1
506,Eastern,3.0,5,26.8,55.0,2.7,74.0,94.0,0.03,754.0
507,Western,11.0,4,32.7,46.0,0.0,89.0,63.0,0.34,684.1
508,Western,15.0,3,21.6,79.0,3.1,67.0,77.0,0.13,631.4
509,Eastern,4.0,4,29.7,87.0,6.2,85.0,75.0,0.29,699.7
510,Eastern,6.0,1,31.6,82.0,8.3,76.0,83.0,0.07,718.6
511,Central,20.0,4,27.1,55.0,3.9,75.0,32.0,0.23,569.3
512,Northern,1.0,1,31.8,65.0,4.2,66.0,66.0,0.03,604.8
513,Eastern,17.0,6,22.4,36.0,0.0,86.0,93.0,0.38,788.6
514,Western,17.0,1,34.6,53.0,0.0,99.0,77.0,0.52,779.6
515,Northern,12.0,4,22.9,75.0,12.7,76.0,93.0,0.4,701.4
516,Northern,2.0,0,20.8,49.0,0.2,88.0,70.0,0.18,690.7
517,Western,14.0,6,32.7,58.0,2.9,76.0,41.0,0.15,542.9
518,Central,0.0,1,30.4,77.0,2.9,63.0,41.0,0.0,551.9
519,Western,3.0,0,33.9,65.0,1.9,83.0,30.0,0.03,531.9
520,Eastern,19.0,1,19.4,94.0,6.2,97.0,56.0,0.18,669.7
521,Northern,4.0,1,27.0,45.0,10.3,80.0,79.0,0.32,688.9
522,Eastern,17.0,2,27.3,43.0,10.6,87.0,78.0,0.37,716.6
523,Northern,20.0,4,25.4,75.0,0.2,80.0,89.0,0.08,765.0
524,Central,2.0,3,23.2,61.0,2.7,83.0,37.0,0.06,580.8
525,Northern,15.0,4,18.1,94.0,0.0,50.0,75.0,0.6,555.3
526,Western,19.0,1,31.5,70.0,0.0,75.0,51.0,0.07,633.8
527,Eastern,23.0,5,24.6,59.0,3.4,83.0,54.0,0.02,618.4
528,Eastern,23.0,4,31.7,61.0,3.7,68.0,34.0,0.05,505.5
529,Eastern,19.0,3,22.6,74.0,0.0,53.0,88.0,0.01,696.8
530,Central,3.0,2,22.6,80.0,2.4,59.0,21.0,0.12,429.2
531,Central,10.0,3,23.3,86.0,0.0,71.0,30.0,0.7,494.8
532,Eastern,4.0,0,22.5,60.0,8.1,66.0,68.0,0.28,608.6
533,Central,3.0,6,30.1,59.0,3.7,62.0,78.0,0.18,677.8
534,Northern,3.0,4,29.3,48.0,0.0,70.0,40.0,0.16,524.1
535,Northern,1.0,5,33.9,68.0,7.1,62.0,66.0,0.07,600.3
536,Eastern,21.0,1,34.5,50.0,0.0,100.0,55.0,0.15,731.5
537,Eastern,12.0,6,22.1,37.0,0.0,73.0,31.0,0.25,492.7
538,Central,15.0,0,29.7,56.0,18.4,53.0,65.0,0.48,569.7
539,Northern,22.0,4,31.5,43.0,0.0,78.0,44.0,0.0,571.3
540,Western,12.0,2,30.3,51.0,7.6,85.0,57.0,0.54,623.2
541,Northern,15.0,1,27.6,69.0,0.0,88.0,90.0,0.12,775.4
542,Central,16.0,1,25.6,87.0,2.6,99.0,84.0,0.25,809.4
543,Central,5.0,0,28.5,58.0,3.6,92.0,88.0,0.34,805.5
544,Northern,6.0,4,29.6,84.0,0.0,76.0,61.0,0.06,608.2
545,Central,16.0,5,19.1,88.0,5.9,62.0,33.0,0.32,465.4
546,Northern,3.0,0,27.7,88.0,0.0,53.0,66.0,0.06,563.3
547,Central,22.0,0,18.2,93.0,4.5,79.0,27.0,0.06,505.5
548,Northern,23.0,3,32.0,85.0,0.6,83.0,25.0,0.06,477.8
549,Western,9.0,0,34.1,68.0,9.6,62.0,44.0,0.39,535.1
550,Central,7.0,4,28.6,46.0,0.0,99.0,93.0,0.21,881.0
551,Western,14.0,5,29.3,91.0,10.0,82.0,63.0,0.55,630.6
552,Northern,17.0,4,25.5,57.0,8.2,73.0,72.0,0.45,625.3
553,Western,13.0,6,30.3,73.0,3.4,99.0,90.0,0.85,805.6
554,Central,8.0,2,34.3,63.0,3.1,68.0,22.0,0.35,505.5
555,Northern,9.0,0,23.1,49.0,4.0,85.0,85.0,0.42,751.1
556,Northern,18.0,1,19.6,64.0,1.3,87.0,51.0,0.12,633.3
557,Northern,9.0,0,27.7,71.0,10.1,100.0,81.0,0.13,762.5
558,Central,22.0,5,27.8,93.0,8.9,96.0,93.0,0.06,830.6
559,Central,1.0,6,23.7,91.0,5.1,99.0,49.0,0.06,647.9
560,Central,19.0,0,28.8,75.0,0.0,70.0,89.0,0.24,794.6
561,Western,10.0,4,29.9,44.0,10.7,78.0,93.0,0.42,754.9
562,Western,7.0,3,22.9,60.0,5.7,86.0,26.0,0.32,521.3
563,Eastern,8.0,0,24.8,62.0,3.4,80.0,91.0,0.13,767.6
564,Eastern,12.0,5,27.7,70.0,0.0,65.0,29.0,0.27,455.7
565,Western,13.0,2,29.6,71.0,9.3,73.0,64.0,0.17,620.7
566,Western,11.0,4,29.1,84.0,0.0,89.0,38.0,0.4,584.9
567,Central,7.0,1,29.7,44.0,3.5,97.0,26.0,0.14,593.8
568,Central,19.0,1,32.8,87.0,1.9,69.0,77.0,0.2,747.1
569,Northern,10.0,1,30.6,48.0,4.7,85.0,81.0,0.52,730.5
570,Central,4.0,5,29.9,36.0,0.0,66.0,41.0,0.02,579.3
571,Central,6.0,6,29.8,52.0,9.9,54.0,69.0,0.33,620.8
572,Western,21.0,6,33.5,58.0,3.6,64.0,68.0,0.13,664.3
573,Eastern,22.0,0,33.4,66.0,7.1,62.0,84.0,0.16,672.0
574,Western,17.0,5,18.4,50.0,6.8,75.0,40.0,0.01,513.2
575,Northern,21.0,2,24.0,54.0,4.2,53.0,52.0,0.22,560.9
576,Eastern,0.0,4,34.1,49.0,9.2,55.0,68.0,0.0,615.7
577,Eastern,21.0,4,32.8,78.0,3.5,77.0,59.0,0.23,668.6
578,Eastern,10.0,3,27.2,48.0,0.0,58.0,59.0,0.57,558.0
579,Eastern,16.0,1,25.3,93.0,5.8,70.0,28.0,0.37,450.5
580,Northern,23.0,0,21.1,88.0,8.9,76.0,72.0,0.03,615.4
581,Eastern,23.0,6,33.2,94.0,2.8,56.0,36.0,0.02,461.7
582,Eastern,19.0,4,22.5,71.0,0.0,93.0,23.0,0.15,548.4
583,Northern,22.0,6,26.1,67.0,6.2,61.0,69.0,0.08,581.5
584,Northern,4.0,1,21.3,37.0,0.0,76.0,48.0,0.25,570.5
585,Western,6.0,6,21.5,46.0,16.1,94.0,61.0,0.43,634.7
586,Northern,7.0,3,24.9,37.0,0.0,75.0,93.0,0.35,752.4
587,Western,16.0,5,32.9,85.0,5.3,52.0,51.0,0.35,504.5
588,Central,12.0,5,18.7,59.0,0.0,62.0,57.0,0.44,580.1
589,Central,9.0,6,32.1,64.0,5.1,94.0,86.0,0.68,832.5
590,Eastern,14.0,6,29.0,40.0,2.6,75.0,72.0,0.27,673.2
591,Western,0.0,1,25.7,92.0,2.2,55.0,52.0,0.0,504.1
592,Western,20.0,5,31.5,80.0,2.8,90.0,66.0,0.03,721.9
593,Western,22.0,3,30.4,67.0,0.8,52.0,41.0,0.15,472.5
594,Central,18.0,6,29.2,44.0,4.5,76.0,59.0,0.15,699.6
595,Central,14.0,2,28.6,42.0,13.2,89.0,52.0,0.01,643.3
596,Eastern,15.0,6,26.5,86.0,13.3,63.0,95.0,0.49,690.9
597,Northern,14.0,3,25.5,73.0,0.0,89.0,91.0,0.68,754.1
598,Central,6.0,0,21.1,38.0,2.2,92.0,93.0,0.42,823.6
599,Eastern,9.0,2,33.6,38.0,15.3,93.0,56.0,0.46,691.3
600,Northern,22.0,5,28.1,85.0,0.0,52.0,31.0,0.13,407.3
601,Central,10.0,2,33.3,87.0,7.8,68.0,80.0,0.11,705.9
602,Eastern,22.0,6,22.7,68.0,0.1,89.0,27.0,0.02,525.6
603,Northern,23.0,5,27.0,40.0,0.0,77.0,60.0,0.02,625.0
604,Western,18.0,4,24.0,43.0,0.0,81.0,43.0,0.44,598.0
605,Central,7.0,5,22.9,47.0,4.1,97.0,46.0,0.47,668.8
606,Central,13.0,3,18.8,57.0,0.0,90.0,45.0,0.63,611.1
607,Central,8.0,6,19.2,54.0,0.0,57.0,62.0,0.23,612.1
608,Northern,23.0,4,28.5,36.0,4.6,93.0,81.0,0.08,747.9
609,Northern,1.0,5,20.3,44.0,0.0,79.0,72.0,0.08,649.7
610,Central,1.0,6,26.9,71.0,2.3,63.0,93.0,0.06,735.2
611,Western,11.0,0,34.5,52.0,5.5,90.0,88.0,0.77,769.3
612,Northern,18.0,4,24.6,73.0,9.5,95.0,60.0,0.35,689.9
613,Northern,8.0,3,19.5,91.0,3.4,63.0,87.0,0.2,675.2
614,Central,3.0,2,31.3,84.0,3.7,80.0,84.0,0.04,762.2
615,Central,10.0,3,30.5,68.0,1.4,83.0,36.0,0.17,588.8
616,Central,1.0,3,24.6,90.0,2.6,93.0,31.0,0.03,571.7
617,Northern,1.0,0,26.8,77.0,3.0,90.0,46.0,0.03,585.1
618,Northern,6.0,2,22.7,55.0,4.1,59.0,40.0,0.14,455.3
619,Northern,0.0,4,27.5,41.0,4.3,67.0,38.0,0.0,507.3
620,Western,9.0,4,22.2,39.0,0.0,53.0,36.0,0.02,492.1
621,Western,21.0,0,19.8,38.0,7.3,89.0,65.0,0.08,708.4
622,Western,6.0,5,30.9,86.0,0.0,86.0,36.0,0.05,549.1
623,Western,22.0,3,19.7,54.0,0.0,80.0,49.0,0.16,564.9
624,Northern,4.0,6,33.2,51.0,7.3,100.0,61.0,0.15,687.6
625,Northern,0.0,0,26.1,57.0,0.0,99.0,64.0,0.0,699.5
626,Central,4.0,4,19.7,87.0,2.5,100.0,58.0,0.18,686.4
627,Western,12.0,4,25.0,74.0,3.1,74.0,28.0,0.34,474.4
628,Eastern,22.0,4,25.3,62.0,0.0,61.0,29.0,0.12,450.0
629,Central,22.0,4,32.2,42.0,0.0,78.0,42.0,0.05,604.0
630,Western,12.0,0,28.2,78.0,6.4,70.0,83.0,0.64,660.4
631,Central,1.0,0,21.7,43.0,11.2,98.0,38.0,0.06,603.3
632,Northern,14.0,4,23.0,74.0,0.1,69.0,92.0,0.66,693.9
633,Northern,21.0,2,33.6,94.0,0.0,55.0,94.0,0.0,734.7
634,Central,16.0,3,32.4,89.0,1.7,50.0,91.0,0.55,699.8
635,Western,11.0,0,32.6,90.0,8.2,90.0,60.0,0.65,643.8
636,Eastern,12.0,3,25.4,48.0,0.0,85.0,69.0,0.84,672.3
637,Eastern,11.0,6,25.1,53.0,10.4,50.0,29.0,0.59,400.4
638,Central,4.0,5,33.0,77.0,0.0,58.0,73.0,0.29,666.3
639,Western,22.0,4,33.8,74.0,5.5,74.0,65.0,0.04,644.8
640,Northern,13.0,4,18.1,66.0,5.1,76.0,89.0,0.53,688.4
641,Central,1.0,0,27.7,80.0,0.0,59.0,87.0,0.08,714.9
642,Western,8.0,3,26.8,68.0,4.7,90.0,29.0,0.46,541.3
643,Central,17.0,6,27.9,74.0,7.3,80.0,78.0,0.3,725.1
644,Northern,15.0,4,30.5,61.0,0.0,68.0,41.0,0.03,536.8
645,Western,19.0,5,23.2,85.0,1.4,87.0,41.0,0.24,595.6
646,Eastern,21.0,2,31.8,74.0,8.7,82.0,29.0,0.21,551.4
647,Central,8.0,2,20.3,52.0,2.4,88.0,42.0,0.61,625.1
648,Eastern,23.0,1,29.2,58.0,4.4,81.0,43.0,0.07,566.7
649,Western,1.0,2,34.7,44.0,0.0,98.0,72.0,0.06,749.5
650,Northern,7.0,5,25.5,75.0,6.3,53.0,53.0,0.44,520.1
651,Eastern,3.0,0,20.8,60.0,0.0,74.0,69.0,0.12,645.2
652,Western,4.0,4,32.8,35.0,0.8,93.0,60.0,0.32,703.5
653,Western,21.0,0,19.7,69.0,0.0,89.0,54.0,0.08,643.4
654,Eastern,8.0,6,19.7,76.0,0.0,96.0,95.0,0.51,814.9
655,Central,16.0,2,29.5,46.0,2.7,54.0,21.0,0.27,439.6
656,Eastern,16.0,0,29.7,57.0,3.8,52.0,23.0,0.41,409.2
657,Central,1.0,4,29.2,88.0,4.4,95.0,35.0,0.01,612.0
658,Eastern,19.0,1,24.4,83.0,8.2,57.0,43.0,0.11,508.6
659,Western,14.0,5,33.9,75.0,0.0,94.0,61.0,0.21,693.2
660,Northern,2.0,2,31.2,59.0,0.0,66.0,42.0,0.07,535.9
661,Western,15.0,1,28.4,46.0,1.5,63.0,33.0,0.68,468.9
662,Western,22.0,2,19.8,39.0,10.3,51.0,83.0,0.02,623.8
663,Northern,20.0,0,33.9,77.0,0.8,75.0,93.0,0.0,790.7
664,Central,22.0,6,26.3,62.0,0.0,84.0,48.0,0.0,639.1
665,Northern,22.0,6,31.3,42.0,0.0,71.0,58.0,0.07,597.1
666,Western,20.0,5,19.5,69.0,5.8,98.0,57.0,0.22,680.6
667,Western,5.0,4,18.7,59.0,0.8,56.0,65.0,0.2,556.9
668,Eastern,20.0,3,30.5,43.0,4.1,81.0,69.0,0.02,726.8
669,Central,17.0,5,23.2,69.0,11.9,52.0,63.0,0.03,565.3
670,Western,23.0,0,24.9,48.0,5.6,93.0,88.0,0.01,766.9
671,Central,18.0,1,33.7,37.0,2.5,80.0,25.0,0.12,577.8
672,Central,20.0,1,18.2,75.0,7.1,79.0,41.0,0.28,594.7
673,Eastern,2.0,6,31.9,42.0,0.0,54.0,45.0,0.07,518.2
674,Eastern,23.0,5,24.8,42.0,9.5,70.0,47.0,0.06,544.1
675,Eastern,18.0,1,23.7,42.0,1.7,94.0,67.0,0.28,757.2
676,Western,14.0,1,33.7,37.0,8.9,99.0,40.0,0.01,631.6
677,Northern,15.0,0,18.1,46.0,10.0,76.0,80.0,0.52,652.4
678,Eastern,6.0,1,28.9,68.0,0.0,89.0,24.0,0.3,520.9
679,Northern,22.0,3,28.4,40.0,0.0,76.0,20.0,0.09,452.4
680,Eastern,6.0,0,34.8,41.0,0.0,79.0,46.0,0.14,591.3
681,Western,6.0,0,31.5,78.0,9.1,61.0,40.0,0.34,466.4
682,Western,1.0,0,29.0,53.0,4.0,52.0,33.0,0.06,448.8
683,Eastern,17.0,1,20.7,36.0,0.5,96.0,76.0,0.35,743.4
684,Central,10.0,3,21.4,78.0,5.9,70.0,49.0,0.08,564.1
685,Western,23.0,3,32.8,59.0,4.5,53.0,75.0,0.01,617.1
686,Northern,19.0,3,21.0,58.0,8.2,67.0,45.0,0.14,550.0
687,Western,1.0,5,27.7,52.0,9.4,76.0,41.0,0.06,548.4
688,Eastern,7.0,2,28.3,85.0,6.4,86.0,90.0,0.5,754.5
689,Western,2.0,3,32.6,66.0,5.3,79.0,55.0,0.0,608.6
690,Eastern,13.0,5,32.8,50.0,0.0,86.0,20.0,0.38,517.2
691,Western,1.0,0,34.9,81.0,3.2,80.0,32.0,0.04,522.9
692,Eastern,7.0,0,27.5,35.0,1.2,58.0,65.0,0.17,613.0
693,Central,20.0,0,18.3,77.0,0.4,79.0,79.0,0.26,766.0
694,Central,22.0,3,21.1,90.0,0.0,90.0,29.0,0.06,557.8
695,Eastern,22.0,2,27.0,53.0,0.0,100.0,30.0,0.1,584.1
696,Central,10.0,5,33.8,67.0,10.1,57.0,69.0,0.3,624.1
697,Eastern,19.0,0,24.2,46.0,0.0,58.0,62.0,0.1,610.5
698,Eastern,3.0,5,26.1,95.0,3.1,98.0,48.0,0.08,608.2
699,Western,8.0,4,29.6,52.0,7.5,81.0,84.0,0.35,748.5
700,Western,3.0,3,30.1,78.0,7.9,89.0,67.0,0.2,658.9
701,Western,22.0,6,34.6,91.0,12.7,55.0,30.0,0.07,429.5
702,Eastern,5.0,2,34.3,39.0,6.1,81.0,39.0,0.36,571.5
703,Eastern,16.0,5,18.4,61.0,9.1,80.0,64.0,0.28,618.7
704,Eastern,23.0,5,18.4,47.0,12.4,83.0,62.0,0.03,632.2
705,Western,10.0,5,29.0,55.0,0.0,79.0,58.0,0.47,624.0
706,Central,9.0,1,31.4,49.0,0.0,59.0,65.0,0.21,659.2
707,Eastern,5.0,4,33.7,80.0,0.0,95.0,39.0,0.07,604.2
708,Eastern,3.0,0,34.9,71.0,5.7,63.0,91.0,0.18,717.6
709,Eastern,21.0,2,34.6,44.0,0.0,84.0,58.0,0.03,712.3
710,Northern,0.0,3,33.8,84.0,6.4,59.0,20.0,0.0,403.4
711,Eastern,17.0,4,23.6,80.0,0.0,86.0,76.0,0.2,720.5
712,Northern,3.0,5,26.1,37.0,7.1,51.0,71.0,0.15,584.3
713,Eastern,7.0,3,24.1,55.0,9.7,100.0,55.0,0.11,683.9
714,Western,2.0,4,32.4,78.0,2.0,62.0,82.0,0.05,665.8
715,Western,19.0,4,34.0,93.0,0.5,73.0,69.0,0.16,680.7
716,Western,9.0,2,24.0,63.0,4.5,97.0,73.0,0.6,732.6
717,Eastern,9.0,1,31.7,92.0,0.0,87.0,31.0,0.11,567.8
718,Western,9.0,3,34.8,68.0,4.8,55.0,20.0,0.31,420.3
719,Eastern,8.0,3,21.0,64.0,0.9,62.0,43.0,0.55,501.8
720,Northern,9.0,4,26.3,87.0,7.4,81.0,91.0,0.55,727.0
721,Western,7.0,0,31.5,44.0,2.0,57.0,56.0,0.24,598.7
722,Central,15.0,5,29.0,36.0,5.9,88.0,66.0,0.44,720.5
723,Central,18.0,3,32.8,75.0,0.0,73.0,85.0,0.37,769.1
724,Eastern,0.0,6,22.4,72.0,7.1,72.0,40.0,0.0,513.9
725,Central,11.0,3,28.8,57.0,7.0,82.0,44.0,0.7,597.8
726,Northern,5.0,6,19.6,83.0,5.2,93.0,58.0,0.11,628.7
727,Central,22.0,5,24.2,69.0,0.0,58.0,86.0,0.05,690.9
728,Eastern,15.0,3,23.8,93.0,4.8,62.0,91.0,0.46,681.1
729,Western,16.0,6,27.0,70.0,0.3,79.0,29.0,0.08,488.6
730,Western,4.0,0,26.2,54.0,2.0,88.0,86.0,0.25,753.0
731,Eastern,10.0,1,30.1,36.0,2.9,94.0,38.0,0.57,592.9
732,Central,9.0,1,21.6,40.0,0.0,54.0,22.0,0.58,454.7
733,Central,13.0,0,21.3,37.0,4.6,80.0,35.0,0.83,539.2
734,Eastern,1.0,0,23.1,35.0,3.2,87.0,45.0,0.02,584.1
735,Northern,11.0,0,19.5,89.0,2.9,72.0,40.0,0.78,471.9
736,Central,23.0,4,22.1,71.0,11.4,83.0,47.0,0.06,601.0
737,Eastern,9.0,1,33.3,69.0,11.0,82.0,80.0,0.27,734.8
738,Western,18.0,1,25.5,41.0,5.0,77.0,47.0,0.26,614.0
739,Eastern,13.0,0,30.9,55.0,4.7,81.0,66.0,0.65,662.7
740,Western,17.0,5,18.7,55.0,0.0,88.0,59.0,0.4,634.7
741,Central,14.0,1,27.4,53.0,8.3,80.0,67.0,0.15,686.1
742,Central,21.0,3,29.4,60.0,0.0,57.0,38.0,0.1,560.8
743,Central,22.0,4,34.6,82.0,15.3,73.0,45.0,0.06,561.6
744,Western,19.0,6,34.8,42.0,3.6,67.0,94.0,0.25,794.0
745,Western,20.0,3,24.1,77.0,0.0,82.0,55.0,0.05,642.7
746,Eastern,14.0,0,20.1,66.0,0.0,51.0,32.0,0.61,415.8
747,Eastern,2.0,3,29.5,46.0,0.0,69.0,32.0,0.13,511.8
748,Western,21.0,6,26.8,66.0,3.9,81.0,84.0,0.07,759.1
749,Western,10.0,6,32.6,69.0,11.4,57.0,69.0,0.38,588.3
750,Northern,12.0,3,25.8,37.0,6.3,95.0,41.0,0.49,594.5
751,Western,4.0,2,30.2,66.0,3.6,92.0,90.0,0.23,775.8
752,Northern,18.0,3,26.1,89.0,3.9,81.0,95.0,0.49,783.7
753,Central,19.0,5,24.0,53.0,2.5,58.0,66.0,0.15,660.5
754,Western,23.0,4,18.5,92.0,0.0,72.0,65.0,0.03,595.2
755,Central,1.0,5,22.2,50.0,0.0,69.0,34.0,0.03,518.4
756,Western,0.0,4,23.5,64.0,0.1,67.0,22.0,0.0,428.2
757,Central,18.0,0,34.8,59.0,0.0,81.0,32.0,0.35,608.7
758,Northern,6.0,2,26.4,86.0,3.4,73.0,75.0,0.1,638.5
759,Northern,20.0,6,34.6,39.0,6.3,66.0,26.0,0.1,491.3
760,Central,18.0,3,31.7,74.0,2.9,87.0,63.0,0.14,736.8
761,Northern,18.0,6,27.0,62.0,5.2,82.0,58.0,0.22,664.9
762,Eastern,17.0,2,21.4,60.0,3.0,51.0,86.0,0.5,643.4
763,Western,18.0,3,21.6,87.0,2.7,86.0,27.0,0.26,522.5
764,Western,11.0,3,20.5,44.0,2.8,76.0,60.0,0.79,586.7
765,Eastern,2.0,5,21.5,61.0,2.6,66.0,50.0,0.07,548.2
766,Western,3.0,1,21.3,50.0,4.3,85.0,75.0,0.11,687.9
767,Northern,1.0,1,20.7,43.0,11.7,92.0,90.0,0.01,760.1
768,Northern,1.0,5,26.3,36.0,13.0,88.0,58.0,0.07,634.5
769,Eastern,13.0,2,29.4,91.0,13.1,65.0,34.0,0.52,466.2
770,Northern,16.0,0,26.9,88.0,0.0,81.0,31.0,0.16,491.5
771,Eastern,3.0,6,31.7,56.0,7.0,77.0,47.0,0.04,567.5
772,Central,5.0,1,34.5,63.0,0.0,81.0,88.0,0.16,805.1
773,Eastern,3.0,2,27.3,65.0,0.0,73.0,80.0,0.18,676.1
774,Central,9.0,0,29.0,92.0,0.0,94.0,50.0,0.19,670.9
775,Central,12.0,2,28.9,79.0,0.0,84.0,50.0,0.86,636.4
776,Northern,12.0,0,33.5,60.0,13.0,55.0,50.0,0.3,491.1
777,Central,5.0,3,28.7,91.0,5.7,67.0,30.0,0.34,477.7
778,Central,15.0,3,30.5,94.0,7.3,60.0,53.0,0.38,548.1
779,Central,11.0,3,28.2,87.0,0.0,98.0,26.0,0.59,568.6
780,Northern,5.0,5,25.5,76.0,6.3,70.0,93.0,0.03,713.8
781,Western,5.0,1,26.8,84.0,7.1,100.0,60.0,0.19,659.6
782,Northern,23.0,1,22.4,78.0,0.0,62.0,30.0,0.03,430.2
783,Central,5.0,3,32.9,95.0,6.3,51.0,91.0,0.27,682.3
784,Eastern,20.0,1,33.4,64.0,5.5,53.0,71.0,0.21,654.6
785,Central,19.0,2,20.5,58.0,6.1,95.0,87.0,0.18,848.0
786,Northern,14.0,6,29.5,42.0,3.5,68.0,83.0,0.32,688.5
787,Eastern,13.0,6,21.5,48.0,7.1,76.0,43.0,0.37,537.4
788,Eastern,4.0,0,22.9,51.0,3.5,73.0,94.0,0.23,750.4
789,Western,14.0,0,18.2,43.0,12.4,93.0,47.0,0.59,568.1
790,Central,22.0,3,30.5,51.0,8.7,71.0,50.0,0.08,603.9
791,Central,11.0,4,34.0,86.0,0.0,50.0,52.0,0.46,537.0
792,Central,12.0,2,34.6,77.0,0.0,87.0,42.0,0.26,638.7
793,Western,16.0,3,33.8,91.0,0.9,59.0,53.0,0.08,543.3
794,Western,1.0,1,26.5,88.0,2.1,68.0,53.0,0.05,562.3
795,Western,8.0,4,23.3,92.0,7.2,98.0,39.0,0.37,599.7
796,Eastern,21.0,5,31.6,38.0,3.6,52.0,80.0,0.07,690.0
797,Northern,22.0,3,25.4,92.0,4.3,95.0,91.0,0.08,769.3
798,Eastern,15.0,0,32.4,90.0,5.8,68.0,43.0,0.63,522.6
799,Central,23.0,4,32.0,71.0,8.1,83.0,93.0,0.02,797.4
800,Northern,2.0,1,31.1,78.0,6.7,93.0,35.0,0.07,557.9
801,Western,18.0,0,32.2,44.0,8.5,79.0,54.0,0.3,649.2
802,Eastern,0.0,2,34.5,76.0,0.0,63.0,26.0,0.0,455.5
803,Western,9.0,2,31.6,82.0,14.1,55.0,71.0,0.19,608.9
804,Western,7.0,6,32.7,40.0,6.4,99.0,71.0,0.17,764.0
805,Northern,20.0,1,20.1,66.0,5.6,93.0,36.0,0.12,569.2
806,Western,3.0,6,24.2,47.0,0.0,67.0,92.0,0.15,722.4
807,Western,2.0,6,25.2,58.0,0.0,55.0,25.0,0.09,410.3
808,Central,14.0,5,21.8,78.0,0.4,68.0,79.0,0.36,668.4
809,Eastern,15.0,2,20.5,43.0,1.3,83.0,74.0,0.22,687.4
810,Western,1.0,4,19.3,37.0,0.0,56.0,79.0,0.06,631.1
811,Central,18.0,6,22.3,51.0,0.0,57.0,79.0,0.09,702.8
812,Northern,5.0,6,24.7,40.0,0.0,87.0,78.0,0.32,722.9
813,Eastern,14.0,4,31.7,56.0,12.9,63.0,43.0,0.07,508.2
814,Western,19.0,2,32.8,41.0,2.1,57.0,21.0,0.07,465.6
815,Western,15.0,3,29.8,90.0,0.0,69.0,66.0,0.52,600.7
816,Eastern,22.0,5,24.7,54.0,5.3,57.0,22.0,0.12,409.3
817,Western,6.0,6,18.5,65.0,0.0,90.0,88.0,0.1,747.2
818,Eastern,9.0,6,25.9,65.0,0.8,97.0,76.0,0.72,760.7
819,Western,15.0,0,32.6,72.0,3.2,53.0,62.0,0.01,570.1
820,Northern,20.0,6,30.1,61.0,7.7,52.0,82.0,0.13,650.7
821,Western,16.0,4,30.3,94.0,0.0,64.0,27.0,0.35,429.5
822,Western,13.0,4,23.4,39.0,2.2,57.0,83.0,0.57,658.8
823,Eastern,20.0,2,25.6,62.0,7.1,80.0,64.0,0.15,680.4
824,Western,16.0,1,28.0,78.0,0.0,58.0,57.0,0.48,553.8
825,Western,12.0,3,32.2,78.0,0.3,60.0,46.0,0.28,511.4
826,Western,23.0,0,29.3,43.0,4.4,56.0,73.0,0.08,622.7
827,Northern,15.0,2,22.0,70.0,3.9,72.0,40.0,0.13,499.6
828,Central,16.0,0,31.7,56.0,0.0,85.0,48.0,0.32,647.9
829,Eastern,10.0,6,24.0,37.0,3.8,94.0,85.0,0.5,761.9
830,Central,3.0,5,18.9,95.0,0.0,56.0,33.0,0.21,460.0
831,Northern,1.0,4,19.8,75.0,5.5,60.0,57.0,0.06,527.1
832,Eastern,16.0,3,30.5,41.0,5.7,57.0,45.0,0.29,519.0
833,Northern,13.0,6,31.1,50.0,5.9,82.0,41.0,0.08,549.3
834,Western,11.0,5,30.8,58.0,0.4,100.0,49.0,0.13,652.5
835,Northern,13.0,3,33.6,92.0,0.0,51.0,76.0,0.13,604.5
836,Western,0.0,5,31.7,95.0,7.1,99.0,41.0,0.0,603.8
837,Central,12.0,6,18.6,94.0,0.0,90.0,86.0,0.97,745.6
838,Northern,13.0,3,33.1,79.0,0.0,72.0,21.0,0.76,435.9
839,Western,16.0,4,33.6,79.0,0.0,94.0,64.0,0.59,696.3
840,Northern,20.0,3,31.2,91.0,2.6,74.0,36.0,0.17,542.6
841,Eastern,17.0,2,21.6,67.0,0.0,51.0,23.0,0.52,380.5
842,Central,17.0,4,22.4,88.0,4.2,96.0,27.0,0.49,539.2
843,Central,8.0,5,26.6,42.0,9.9,78.0,58.0,0.38,665.3
844,Eastern,0.0,3,23.8,50.0,8.1,72.0,58.0,0.0,570.9
845,Central,22.0,4,29.4,80.0,0.0,70.0,86.0,0.1,748.4
846,Central,11.0,3,19.7,80.0,0.0,53.0,74.0,0.81,614.0
847,Western,15.0,1,25.6,58.0,0.7,66.0,94.0,0.37,713.1
848,Eastern,13.0,3,29.7,95.0,0.0,59.0,84.0,0.12,664.0
849,Eastern,22.0,3,20.2,80.0,0.0,79.0,80.0,0.01,694.4
850,Central,5.0,4,24.3,95.0,10.2,57.0,67.0,0.24,601.3
851,Northern,1.0,4,20.6,58.0,1.4,81.0,23.0,0.07,472.1
852,Northern,4.0,6,28.0,38.0,6.9,63.0,43.0,0.27,499.8
853,Western,15.0,0,20.1,57.0,4.4,86.0,59.0,0.42,624.5
854,Eastern,10.0,6,24.4,88.0,1.7,82.0,78.0,0.63,678.9
855,Western,21.0,3,20.5,81.0,0.0,74.0,49.0,0.23,600.9
856,Central,10.0,4,18.8,77.0,9.3,60.0,23.0,0.48,409.3
857,Central,22.0,2,27.5,42.0,1.7,86.0,86.0,0.03,794.5
858,Central,15.0,4,33.2,42.0,0.0,67.0,46.0,0.18,583.6
859,Northern,22.0,6,33.1,63.0,8.3,75.0,95.0,0.01,753.4
860,Western,0.0,2,25.4,61.0,9.1,66.0,31.0,0.0,461.2
861,Eastern,3.0,4,20.9,44.0,6.5,69.0,72.0,0.17,649.4
862,Western,1.0,4,34.3,46.0,4.7,56.0,60.0,0.01,576.5
863,Eastern,10.0,2,24.4,87.0,4.3,98.0,95.0,0.2,807.0
864,Western,16.0,6,26.6,95.0,4.3,85.0,72.0,0.04,678.0
865,Central,0.0,3,28.8,93.0,6.0,65.0,91.0,0.0,726.2
866,Eastern,4.0,2,27.7,63.0,9.1,100.0,38.0,0.12,602.5
867,Western,5.0,6,22.2,95.0,0.0,52.0,20.0,0.34,370.4
868,Western,19.0,2,29.1,45.0,14.6,67.0,52.0,0.35,587.1
869,Central,12.0,2,32.3,48.0,0.0,60.0,88.0,0.56,724.1
870,Northern,9.0,0,24.7,42.0,6.9,77.0,46.0,0.46,554.1
871,Western,10.0,5,34.1,75.0,2.4,67.0,51.0,0.55,569.7
872,Eastern,10.0,2,21.6,73.0,0.0,91.0,20.0,0.51,505.0
873,Western,0.0,0,29.4,61.0,0.0,98.0,70.0,0.0,729.2
874,Western,20.0,5,19.3,36.0,10.2,93.0,35.0,0.12,581.9
875,Central,12.0,6,28.2,59.0,6.8,57.0,79.0,0.37,676.3
876,Northern,6.0,3,18.2,82.0,7.0,62.0,31.0,0.41,412.8
877,Northern,20.0,2,31.7,49.0,3.6,52.0,55.0,0.16,576.3
878,Western,22.0,5,28.3,35.0,6.1,57.0,55.0,0.09,562.1
879,Eastern,15.0,1,27.4,77.0,2.5,54.0,95.0,0.1,678.8
880,Northern,2.0,1,22.4,71.0,9.3,62.0,22.0,0.17,375.9
881,Central,22.0,5,27.1,51.0,0.0,77.0,26.0,0.14,511.7
882,Western,10.0,3,32.4,61.0,1.9,81.0,66.0,0.43,675.0
883,Northern,1.0,5,21.8,52.0,8.4,50.0,70.0,0.02,550.1
884,Central,2.0,4,31.7,82.0,4.2,65.0,45.0,0.03,570.9
885,Central,9.0,0,28.6,41.0,8.2,87.0,62.0,0.63,709.5
886,Eastern,7.0,0,26.1,56.0,7.6,54.0,76.0,0.45,614.7
887,Western,20.0,3,27.8,40.0,14.0,70.0,28.0,0.26,498.9
888,Central,1.0,6,25.5,54.0,0.0,93.0,27.0,0.05,570.2
889,Central,9.0,6,24.5,41.0,0.0,79.0,69.0,0.35,714.8
890,Central,13.0,4,28.5,56.0,0.0,79.0,86.0,0.3,761.3
891,Eastern,6.0,0,19.7,73.0,1.5,86.0,36.0,0.32,524.7
892,Eastern,8.0,2,25.2,81.0,0.7,52.0,27.0,0.09,426.1
893,Eastern,18.0,3,26.7,76.0,3.1,59.0,80.0,0.15,676.2
894,Eastern,10.0,2,24.3,35.0,0.0,53.0,50.0,0.42,516.0
895,Eastern,17.0,6,18.9,57.0,4.1,100.0,28.0,0.2,552.9
896,Northern,21.0,3,29.8,64.0,0.0,89.0,58.0,0.1,682.3
897,Central,5.0,0,25.7,85.0,8.0,90.0,48.0,0.29,618.1
898,Northern,14.0,4,21.6,65.0,1.8,97.0,68.0,0.17,670.3
899,Central,5.0,6,34.8,58.0,7.7,59.0,57.0,0.18,597.6
900,Eastern,20.0,4,33.5,58.0,4.2,68.0,42.0,0.07,579.0
901,Central,8.0,5,21.0,89.0,0.0,61.0,53.0,0.61,570.6
902,Northern,0.0,6,29.5,59.0,0.0,63.0,59.0,0.0,561.6
903,Western,11.0,6,24.3,45.0,15.8,95.0,28.0,0.11,519.3
904,Western,4.0,6,21.2,69.0,0.0,90.0,51.0,0.31,614.5
905,Eastern,19.0,4,21.2,69.0,2.2,53.0,55.0,0.36,559.5
906,Central,16.0,4,33.1,48.0,1.8,60.0,85.0,0.26,706.5
907,Northern,20.0,6,26.7,66.0,0.0,83.0,81.0,0.24,750.8
908,Central,15.0,3,22.6,60.0,0.0,63.0,48.0,0.67,541.4
909,Eastern,14.0,6,22.0,48.0,0.0,73.0,52.0,0.46,590.6
910,Central,4.0,6,19.4,63.0,0.0,79.0,85.0,0.21,746.8
911,Northern,13.0,3,25.9,61.0,0.0,74.0,23.0,0.16,460.9
912,Central,7.0,2,29.0,57.0,6.4,100.0,55.0,0.54,713.6
913,Northern,3.0,0,19.2,37.0,0.0,66.0,58.0,0.19,563.7
914,Northern,21.0,6,22.7,80.0,0.8,50.0,58.0,0.07,545.5
915,Central,11.0,6,34.9,95.0,0.0,80.0,85.0,0.91,764.0
916,Eastern,4.0,6,24.8,49.0,2.4,83.0,95.0,0.26,776.1
917,Eastern,14.0,5,31.8,56.0,4.1,77.0,73.0,0.17,678.8
918,Northern,14.0,6,27.5,58.0,9.5,97.0,21.0,0.42,513.7
919,Western,21.0,6,24.0,49.0,0.0,98.0,88.0,0.07,844.3
920,Northern,18.0,0,27.6,37.0,5.5,86.0,93.0,0.43,808.5
921,Central,12.0,1,34.1,39.0,0.0,71.0,92.0,0.96,778.1
922,Western,20.0,2,19.6,41.0,1.6,51.0,43.0,0.07,504.9
923,Central,12.0,2,21.5,53.0,2.0,73.0,86.0,0.01,739.1
924,Western,10.0,6,33.5,60.0,4.3,80.0,28.0,0.32,512.0
925,Western,6.0,1,32.8,54.0,0.0,60.0,93.0,0.47,719.1
926,Eastern,18.0,1,26.5,78.0,0.0,78.0,28.0,0.41,533.0
927,Western,19.0,6,22.2,56.0,11.7,79.0,93.0,0.02,769.4
928,Northern,2.0,2,29.0,93.0,0.0,75.0,42.0,0.07,531.1
929,Central,5.0,4,30.5,64.0,0.0,75.0,25.0,0.1,526.7
930,Eastern,5.0,2,33.0,69.0,0.1,81.0,72.0,0.41,710.3
931,Northern,17.0,0,34.9,39.0,3.2,76.0,77.0,0.1,689.4
932,Western,6.0,4,18.8,36.0,9.9,74.0,63.0,0.37,607.3
933,Northern,6.0,3,18.6,51.0,11.4,92.0,79.0,0.24,714.9
934,Western,2.0,0,27.3,50.0,1.8,67.0,40.0,0.03,509.1
935,Eastern,0.0,4,19.7,53.0,8.8,54.0,21.0,0.0,390.3
936,Eastern,4.0,3,24.1,48.0,0.7,78.0,26.0,0.28,475.3
937,Northern,16.0,5,29.3,77.0,7.0,78.0,26.0,0.4,459.5
938,Eastern,1.0,6,24.4,47.0,7.4,62.0,31.0,0.0,455.5
939,Central,0.0,0,23.7,47.0,2.2,92.0,41.0,0.0,622.7
940,Eastern,1.0,3,26.7,87.0,0.0,89.0,46.0,0.08,607.5
941,Central,12.0,3,20.1,48.0,6.5,75.0,60.0,0.01,640.5
942,Northern,6.0,3,21.7,77.0,5.9,52.0,28.0,0.44,369.5
943,Eastern,13.0,2,31.0,66.0,5.3,66.0,32.0,0.55,475.0
944,Northern,20.0,5,24.6,94.0,10.6,61.0,60.0,0.33,566.6
945,Western,21.0,3,19.1,36.0,0.0,82.0,49.0,0.13,622.2
946,Eastern,22.0,0,22.0,74.0,3.1,97.0,74.0,0.13,720.7
947,Western,19.0,0,19.0,58.0,0.0,63.0,24.0,0.1,463.3
948,Northern,23.0,4,34.8,63.0,2.7,70.0,25.0,0.04,457.6
949,Northern,13.0,5,31.8,83.0,12.6,71.0,51.0,0.19,542.9
950,Western,1.0,5,34.8,86.0,0.0,83.0,61.0,0.02,641.1
951,Eastern,20.0,0,19.1,66.0,6.0,63.0,36.0,0.03,507.6
952,Western,18.0,4,32.1,94.0,4.7,96.0,79.0,0.16,795.3
953,Western,23.0,1,22.2,46.0,0.0,90.0,45.0,0.02,596.5
954,Western,15.0,0,34.2,58.0,0.6,77.0,84.0,0.46,732.3
955,Western,13.0,6,20.6,85.0,0.0,55.0,58.0,0.55,522.5
956,Northern,4.0,4,30.4,51.0,0.0,74.0,91.0,0.2,743.1
957,Central,2.0,2,20.3,65.0,6.7,50.0,84.0,0.12,665.5
958,Northern,11.0,3,24.9,61.0,15.3,74.0,82.0,0.28,655.5
959,Eastern,18.0,0,24.9,37.0,5.6,62.0,75.0,0.48,675.2
960,Central,23.0,2,26.7,66.0,0.0,91.0,69.0,0.08,729.1
961,Central,23.0,1,22.1,37.0,7.2,94.0,38.0,0.02,608.7
962,Eastern,14.0,5,20.5,50.0,0.0,50.0,34.0,0.64,415.6
963,Central,20.0,5,33.6,60.0,0.0,83.0,44.0,0.29,643.0
964,Western,5.0,6,25.3,79.0,0.0,87.0,59.0,0.31,656.2
965,Eastern,23.0,6,19.5,75.0,0.0,67.0,46.0,0.08,516.5
966,Central,12.0,5,23.2,45.0,3.1,99.0,73.0,0.52,764.5
967,Eastern,20.0,2,30.5,45.0,4.4,62.0,82.0,0.06,724.1
968,Eastern,3.0,3,27.6,48.0,3.7,98.0,44.0,0.06,632.1
969,Central,13.0,3,28.7,74.0,8.5,68.0,30.0,0.35,501.0
970,Central,8.0,0,23.8,72.0,3.6,50.0,27.0,0.18,457.9
971,Central,0.0,5,27.9,37.0,8.0,74.0,86.0,0.0,760.6
972,Northern,8.0,3,26.0,56.0,0.0,70.0,50.0,0.63,560.7
973,Central,21.0,3,24.4,38.0,13.0,50.0,78.0,0.22,670.3
974,Northern,12.0,5,32.2,94.0,7.4,94.0,51.0,0.37,619.5
975,Central,19.0,5,29.2,65.0,0.0,90.0,61.0,0.01,745.2
976,Eastern,11.0,6,18.8,86.0,2.3,88.0,82.0,0.37,704.2
977,Western,19.0,6,19.4,62.0,14.1,92.0,32.0,0.31,550.1
978,Central,9.0,4,21.3,44.0,10.0,58.0,83.0,0.6,675.1
979,Western,9.0,6,29.4,70.0,8.6,57.0,81.0,0.5,649.7
980,Central,7.0,1,21.6,83.0,10.3,77.0,23.0,0.09,491.9
981,Central,10.0,3,31.0,49.0,1.6,92.0,37.0,0.77,600.8
982,Central,20.0,5,26.4,85.0,0.0,91.0,63.0,0.13,726.7
983,Western,22.0,5,30.5,59.0,0.0,64.0,48.0,0.04,534.3
984,Central,9.0,0,19.9,56.0,2.3,86.0,67.0,0.1,699.7
985,Eastern,10.0,3,27.8,35.0,0.5,74.0,74.0,0.27,694.7
986,Eastern,11.0,6,29.5,85.0,8.2,56.0,70.0,0.01,599.0
987,Western,14.0,2,20.5,95.0,2.0,59.0,56.0,0.12,529.6
988,Central,21.0,6,31.6,79.0,7.3,67.0,93.0,0.12,793.4
989,Eastern,6.0,3,23.0,59.0,11.5,95.0,46.0,0.42,603.1
990,Western,7.0,5,30.5,94.0,5.1,96.0,70.0,0.17,722.4
991,Western,21.0,6,20.7,36.0,0.0,72.0,70.0,0.1,684.3
992,Western,16.0,5,22.8,79.0,9.9,56.0,36.0,0.22,427.1
993,Eastern,18.0,6,31.7,89.0,6.9,86.0,37.0,0.22,587.4
994,Central,15.0,2,33.3,48.0,4.7,73.0,93.0,0.08,803.2
995,Central,4.0,3,34.2,62.0,1.7,56.0,65.0,0.32,619.9
996,Eastern,5.0,0,20.0,67.0,0.0,90.0,71.0,0.1,687.0
997,Western,3.0,1,24.7,54.0,0.0,99.0,31.0,0.19,552.5
998,Central,20.0,3,22.7,76.0,2.3,55.0,35.0,0.16,514.6
999,Northern,21.0,4,21.8,72.0,0.0,94.0,32.0,0.2,572.2
1000,Eastern,5.0,3,26.2,76.0,1.8,56.0,61.0,0.03,554.4
1001,Western,17.0,1,24.9,79.0,9.3,54.0,86.0,0.49,629.2
1002,Central,17.0,5,31.9,76.0,8.9,61.0,43.0,0.0,544.5
1003,Eastern,14.0,6,23.3,37.0,5.3,55.0,91.0,0.21,683.6
1004,Eastern,1.0,0,34.7,67.0,0.0,77.0,20.0,0.02,503.2
1005,Western,1.0,4,33.4,53.0,0.1,94.0,60.0,0.04,684.5
1006,Central,11.0,4,27.1,48.0,0.2,65.0,24.0,0.17,472.2
1007,Northern,9.0,6,32.2,43.0,0.2,67.0,36.0,0.55,515.3
1008,Western,13.0,0,27.3,51.0,0.0,79.0,30.0,0.87,514.9
1009,Northern,21.0,3,34.0,44.0,1.1,90.0,44.0,0.18,646.4
1010,Eastern,18.0,5,29.0,67.0,0.0,70.0,75.0,0.19,703.2
1011,Western,19.0,1,19.3,42.0,0.0,54.0,62.0,0.27,590.4
1012,Central,11.0,2,31.2,44.0,5.4,56.0,68.0,0.9,619.0
1013,Northern,7.0,3,34.2,85.0,5.8,87.0,82.0,0.06,746.6
1014,Central,11.0,5,27.7,53.0,0.0,60.0,60.0,0.87,597.7
1015,Western,12.0,1,23.9,82.0,0.0,80.0,95.0,0.13,745.4
1016,Northern,0.0,5,26.7,44.0,1.5,53.0,67.0,0.0,571.8
1017,Northern,7.0,5,28.3,80.0,0.0,79.0,84.0,0.17,732.3
1018,Central,13.0,4,34.0,91.0,6.2,69.0,72.0,0.71,664.0
1019,Central,2.0,5,19.4,81.0,3.1,55.0,56.0,0.09,552.9
1020,Eastern,15.0,6,32.9,95.0,0.0,80.0,83.0,0.39,728.3
1021,Central,21.0,4,29.9,60.0,6.2,95.0,74.0,0.18,805.3
1022,Central,23.0,2,22.2,82.0,0.0,88.0,77.0,0.08,727.1
1023,Eastern,21.0,6,26.9,49.0,5.2,82.0,65.0,0.24,705.6
1024,Eastern,13.0,3,24.4,58.0,7.5,84.0,35.0,0.27,530.9
1025,Eastern,15.0,2,22.5,35.0,2.5,69.0,85.0,0.62,684.6
1026,Western,1.0,3,33.2,89.0,0.0,71.0,58.0,0.03,600.9
1027,Western,0.0,2,33.1,46.0,2.5,81.0,45.0,0.0,592.7
1028,Northern,16.0,1,25.0,93.0,0.1,64.0,80.0,0.26,636.1
1029,Western,9.0,2,25.3,46.0,0.0,92.0,76.0,0.12,754.0
1030,Central,11.0,5,25.4,57.0,8.8,62.0,56.0,0.04,575.8
1031,Western,12.0,3,30.6,92.0,10.3,92.0,54.0,0.12,626.5
1032,Western,15.0,4,26.4,78.0,2.0,82.0,69.0,0.1,657.2
1033,Eastern,3.0,6,18.4,44.0,2.5,53.0,63.0,0.11,555.9
1034,Western,19.0,5,18.1,65.0,1.6,65.0,39.0,0.3,528.2
1035,Eastern,5.0,1,22.8,42.0,13.6,92.0,74.0,0.08,689.8
1036,Eastern,22.0,6,31.8,79.0,2.2,87.0,39.0,0.04,564.2
1037,Eastern,4.0,3,18.7,47.0,7.8,55.0,26.0,0.13,400.3
1038,Central,16.0,2,29.9,49.0,3.9,82.0,74.0,0.43,738.2
1039,Eastern,9.0,0,22.6,52.0,10.4,70.0,26.0,0.14,466.3
1040,Central,0.0,0,29.2,55.0,4.3,77.0,43.0,0.0,601.7
1041,Eastern,15.0,2,23.7,42.0,3.7,71.0,66.0,0.56,624.4
1042,Northern,11.0,5,31.2,68.0,0.1,63.0,94.0,0.35,706.2
1043,Eastern,3.0,1,28.7,73.0,7.8,62.0,77.0,0.23,644.3
1044,Eastern,2.0,4,28.5,54.0,0.7,84.0,39.0,0.01,548.3
1045,Northern,6.0,3,27.4,51.0,9.6,73.0,77.0,0.31,648.8
1046,Central,3.0,3,19.2,61.0,0.0,60.0,55.0,0.17,568.5
1047,Eastern,4.0,2,18.8,71.0,15.4,97.0,70.0,0.17,692.5
1048,Western,17.0,6,26.7,39.0,7.2,85.0,69.0,0.23,691.0
1049,Central,8.0,1,21.1,45.0,0.0,100.0,85.0,0.3,835.0
1050,Northern,22.0,5,26.9,54.0,5.5,85.0,35.0,0.03,528.1
1051,Northern,1.0,4,22.0,37.0,0.0,58.0,54.0,0.07,518.5
1052,Northern,1.0,5,34.7,87.0,3.6,90.0,67.0,0.03,685.6
1053,Northern,22.0,4,22.5,43.0,0.0,53.0,21.0,0.14,389.7
1054,Central,7.0,5,34.4,46.0,3.0,96.0,68.0,0.55,779.1
1055,Eastern,8.0,6,28.6,73.0,0.0,70.0,54.0,0.14,597.3
1056,Western,20.0,6,32.6,60.0,5.0,73.0,38.0,0.3,570.0
1057,Western,2.0,3,21.1,46.0,4.2,96.0,43.0,0.11,596.3
1058,Eastern,0.0,2,20.8,46.0,6.1,54.0,38.0,0.0,446.9
1059,Central,7.0,3,33.5,60.0,7.9,88.0,32.0,0.22,605.6
1060,Eastern,0.0,0,32.1,83.0,8.7,65.0,30.0,0.0,446.6
1061,Northern,20.0,4,18.2,35.0,5.3,95.0,30.0,0.07,572.4
1062,Western,15.0,6,27.6,63.0,4.7,59.0,51.0,0.04,522.1
1063,Northern,22.0,2,28.7,42.0,4.5,56.0,85.0,0.15,654.9
1064,Eastern,13.0,1,18.0,49.0,8.2,72.0,56.0,0.21,572.2
1065,Eastern,21.0,3,29.7,80.0,4.1,57.0,48.0,0.03,550.3
1066,Central,9.0,2,19.3,56.0,11.3,52.0,39.0,0.13,501.6
1067,Northern,16.0,2,28.2,78.0,0.0,89.0,56.0,0.23,635.4
1068,Central,3.0,2,33.6,77.0,0.3,100.0,20.0,0.22,577.3
1069,Western,4.0,6,29.1,55.0,6.3,54.0,34.0,0.19,453.9
1070,Western,23.0,2,20.5,55.0,6.2,72.0,60.0,0.04,589.9
1071,Eastern,15.0,5,34.5,73.0,4.2,74.0,73.0,0.41,664.4
1072,Western,17.0,4,26.4,69.0,5.1,83.0,93.0,0.45,749.7
1073,Central,23.0,1,30.0,50.0,0.8,73.0,91.0,0.04,785.3
1074,Eastern,4.0,0,19.0,57.0,0.0,68.0,78.0,0.05,672.4
1075,Central,17.0,3,22.1,87.0,4.3,94.0,38.0,0.22,606.7
1076,Central,0.0,5,34.4,58.0,5.2,80.0,40.0,0.0,599.1
1077,Western,11.0,1,19.3,39.0,12.4,59.0,43.0,0.43,473.1
1078,Northern,4.0,5,27.0,95.0,1.4,78.0,21.0,0.1,453.2
1079,Eastern,4.0,0,33.0,37.0,0.6,50.0,70.0,0.28,603.1
1080,Northern,21.0,3,27.4,88.0,2.7,95.0,49.0,0.11,660.3
1081,Eastern,5.0,2,34.5,68.0,0.0,75.0,27.0,0.09,517.1
1082,Western,5.0,6,30.7,70.0,1.4,80.0,60.0,0.27,630.3
1083,Eastern,12.0,6,24.5,38.0,5.4,67.0,33.0,0.1,476.3
1084,Central,11.0,4,31.2,56.0,7.0,54.0,47.0,0.55,532.4
1085,Central,9.0,1,27.4,75.0,6.3,86.0,92.0,0.03,818.3
1086,Northern,15.0,0,18.8,40.0,3.6,98.0,56.0,0.72,638.0
1087,Central,16.0,1,23.3,60.0,0.9,71.0,72.0,0.6,651.9
1088,Western,16.0,0,26.5,84.0,6.9,80.0,95.0,0.58,754.0
1089,Central,1.0,2,20.7,78.0,0.0,95.0,49.0,0.07,654.0
1090,Northern,21.0,5,20.4,80.0,9.8,78.0,36.0,0.08,543.4
1091,Western,11.0,4,32.6,62.0,10.6,65.0,46.0,0.91,518.0
1092,Central,19.0,0,34.3,71.0,0.0,59.0,59.0,0.23,643.0
1093,Central,2.0,3,19.6,55.0,5.0,67.0,93.0,0.06,747.7
1094,Northern,2.0,0,21.0,84.0,0.0,98.0,76.0,0.11,725.5
1095,Western,4.0,0,34.5,66.0,12.6,76.0,36.0,0.15,522.3
1096,Western,16.0,6,28.6,55.0,0.0,66.0,25.0,0.41,460.7
1097,Eastern,20.0,0,30.6,50.0,1.0,56.0,57.0,0.13,594.0
1098,Central,18.0,3,32.5,49.0,0.0,72.0,79.0,0.23,779.7
1099,Western,17.0,6,25.9,40.0,4.0,99.0,75.0,0.12,753.5
1100,Western,10.0,0,23.4,73.0,0.0,57.0,55.0,0.38,529.0
1101,Central,17.0,1,34.1,44.0,0.2,88.0,68.0,0.04,740.3
1102,Central,11.0,6,25.3,65.0,3.8,98.0,74.0,0.25,770.5
1103,Western,20.0,1,19.4,39.0,2.7,76.0,87.0,0.07,762.4
1104,Northern,8.0,1,32.1,40.0,7.2,60.0,45.0,0.23,523.8
1105,Western,13.0,3,26.1,79.0,5.7,72.0,93.0,0.36,699.4
1106,Eastern,0.0,4,31.3,73.0,5.5,70.0,60.0,0.0,617.3
1107,Western,14.0,1,26.5,55.0,13.0,66.0,86.0,0.6,683.4
1108,Central,14.0,6,32.6,75.0,0.0,52.0,47.0,0.62,536.5
1109,Northern,6.0,3,29.8,84.0,5.4,63.0,44.0,0.49,497.3
1110,Central,18.0,0,24.3,58.0,13.6,94.0,83.0,0.32,815.9
1111,Northern,14.0,3,25.0,57.0,5.5,57.0,42.0,0.38,459.8
1112,Western,11.0,1,27.4,45.0,0.0,90.0,56.0,0.64,644.1
1113,Western,3.0,0,31.7,41.0,3.8,56.0,83.0,0.19,664.2
1114,Northern,19.0,4,19.7,63.0,0.0,76.0,47.0,0.09,583.5
1115,Northern,14.0,4,24.5,47.0,10.6,100.0,79.0,0.34,724.8
1116,Eastern,20.0,5,31.3,60.0,7.8,82.0,56.0,0.09,665.9
1117,Eastern,21.0,2,23.2,92.0,4.4,50.0,73.0,0.01,606.9
1118,Northern,0.0,1,31.4,88.0,6.8,71.0,41.0,0.0,495.9
1119,Central,13.0,1,27.4,60.0,5.5,86.0,74.0,0.12,745.5
1120,Eastern,20.0,3,34.6,46.0,0.0,77.0,49.0,0.03,651.4
1121,Northern,4.0,4,20.0,71.0,5.1,85.0,40.0,0.32,514.1
1122,Eastern,6.0,0,19.6,62.0,11.6,51.0,89.0,0.46,630.1
1123,Northern,2.0,4,24.5,82.0,1.6,61.0,50.0,0.11,487.4
1124,Western,7.0,2,21.3,88.0,3.3,99.0,53.0,0.38,664.7
1125,Central,8.0,0,33.9,75.0,17.3,57.0,78.0,0.62,668.9
1126,Western,3.0,0,20.4,51.0,4.7,73.0,46.0,0.1,537.7
1127,Eastern,15.0,6,18.4,39.0,0.0,93.0,73.0,0.28,718.9
1128,Eastern,10.0,5,33.4,86.0,5.2,92.0,92.0,0.53,796.4
1129,Central,1.0,0,34.6,57.0,0.0,60.0,86.0,0.06,730.6
1130,Eastern,3.0,1,28.3,69.0,8.9,63.0,66.0,0.03,599.6
1131,Eastern,6.0,0,23.6,49.0,9.6,67.0,55.0,0.24,566.7
1132,Western,2.0,2,30.0,76.0,0.7,77.0,85.0,0.16,734.9
1133,Western,6.0,2,20.9,78.0,7.5,56.0,94.0,0.4,651.9
1134,Western,18.0,2,20.8,48.0,8.5,77.0,54.0,0.41,612.8
1135,Central,19.0,0,28.3,62.0,4.4,78.0,41.0,0.37,624.7
1136,Northern,16.0,2,28.0,53.0,0.0,75.0,23.0,0.08,455.6
1137,Northern,10.0,3,31.4,57.0,3.1,73.0,38.0,0.65,517.2
1138,Northern,3.0,0,23.4,35.0,2.3,64.0,91.0,0.02,694.6
1139,Central,9.0,4,21.6,48.0,6.2,86.0,73.0,0.51,740.9
1140,Western,13.0,2,31.8,47.0,5.9,52.0,55.0,0.39,544.7
1141,Central,3.0,3,20.9,55.0,0.0,68.0,22.0,0.16,466.2
1142,Central,18.0,0,33.5,53.0,11.9,84.0,87.0,0.02,843.0
1143,Northern,20.0,0,19.2,41.0,5.5,67.0,60.0,0.25,598.7
1144,Northern,12.0,0,27.5,55.0,1.4,94.0,78.0,0.49,732.6
1145,Central,20.0,0,32.3,95.0,2.1,50.0,37.0,0.04,519.5
1146,Northern,10.0,6,29.7,62.0,3.3,84.0,20.0,0.78,468.3
1147,Central,1.0,2,33.0,37.0,12.3,66.0,62.0,0.06,650.3
1148,Eastern,12.0,2,29.9,94.0,6.6,70.0,38.0,0.75,499.8
1149,Western,13.0,5,25.6,42.0,0.0,92.0,82.0,0.89,749.2
1150,Central,10.0,6,30.4,49.0,10.1,72.0,91.0,0.7,763.0
1151,Western,7.0,5,29.0,89.0,3.6,53.0,47.0,0.01,512.0
1152,Northern,6.0,3,31.9,47.0,0.0,98.0,59.0,0.35,685.3
1153,Northern,20.0,1,32.4,41.0,6.0,74.0,77.0,0.29,717.2
1154,Northern,16.0,1,31.3,47.0,7.8,86.0,33.0,0.1,539.1
1155,Central,3.0,5,19.9,36.0,5.5,80.0,87.0,0.11,760.3
1156,Western,8.0,0,33.8,40.0,0.9,82.0,75.0,0.34,740.5
1157,Western,1.0,3,22.6,41.0,7.7,62.0,57.0,0.02,558.3
1158,Central,5.0,4,22.7,73.0,0.0,91.0,51.0,0.4,647.5
1159,Central,7.0,0,18.9,37.0,0.0,67.0,48.0,0.51,585.7
1160,Northern,22.0,5,24.9,60.0,9.5,81.0,46.0,0.03,560.8
1161,Central,6.0,2,28.8,80.0,0.0,61.0,84.0,0.45,690.4
1162,Northern,19.0,3,30.6,89.0,6.1,93.0,28.0,0.07,558.1
1163,Central,10.0,3,20.4,35.0,0.3,61.0,53.0,0.73,563.1
1164,Central,5.0,5,30.9,35.0,0.0,81.0,51.0,0.2,640.0
1165,Eastern,1.0,6,18.3,78.0,12.5,98.0,38.0,0.06,560.8
1166,Northern,3.0,2,31.7,56.0,0.0,92.0,82.0,0.06,762.9
1167,Western,14.0,0,32.1,54.0,0.4,57.0,54.0,0.57,529.1
1168,Eastern,23.0,5,18.4,61.0,7.5,72.0,83.0,0.0,669.9
1169,Eastern,18.0,5,29.8,62.0,0.0,74.0,33.0,0.48,561.8
1170,Eastern,20.0,5,27.3,93.0,0.0,66.0,64.0,0.3,643.2
1171,Northern,12.0,4,25.1,52.0,2.5,89.0,35.0,0.43,543.4
1172,Central,14.0,4,34.5,85.0,1.6,81.0,38.0,0.39,584.9
1173,Western,4.0,4,34.4,74.0,0.2,68.0,28.0,0.27,474.1
1174,Western,0.0,3,18.7,53.0,4.2,69.0,20.0,0.0,418.2
1175,Eastern,21.0,6,18.0,51.0,9.7,55.0,54.0,0.04,564.0
1176,Western,23.0,1,25.3,93.0,6.1,72.0,51.0,0.07,550.9
1177,Northern,20.0,3,25.2,92.0,6.2,88.0,59.0,0.06,662.0
1178,Eastern,13.0,5,32.9,86.0,0.0,66.0,37.0,0.38,496.0
1179,Eastern,6.0,2,23.2,54.0,0.0,74.0,75.0,0.05,671.5
1180,Western,16.0,3,29.8,67.0,10.2,72.0,74.0,0.31,644.8
1181,Central,13.0,3,18.5,70.0,11.4,98.0,37.0,0.56,587.8
1182,Northern,9.0,6,22.1,67.0,0.0,53.0,70.0,0.09,598.0
1183,Central,21.0,0,25.9,83.0,6.9,55.0,27.0,0.07,473.9
1184,Northern,20.0,0,23.7,41.0,5.8,53.0,35.0,0.25,463.3
1185,Western,21.0,4,30.6,38.0,1.2,58.0,48.0,0.22,562.7
1186,Central,20.0,6,20.6,75.0,0.0,81.0,45.0,0.04,655.9
1187,Central,0.0,1,28.3,42.0,0.0,80.0,23.0,0.0,531.1
1188,Eastern,14.0,3,18.9,42.0,1.2,65.0,89.0,0.22,705.7
1189,Central,19.0,5,25.5,77.0,0.0,61.0,38.0,0.34,544.4
1190,Western,21.0,1,20.9,82.0,2.0,68.0,57.0,0.17,595.4
1191,Central,18.0,3,24.2,52.0,0.0,79.0,73.0,0.41,758.3
1192,Northern,4.0,0,22.8,42.0,2.3,52.0,76.0,0.01,599.7
1193,Eastern,11.0,1,26.0,81.0,2.3,72.0,84.0,0.78,686.7
1194,Eastern,16.0,1,23.9,80.0,0.0,91.0,39.0,0.23,569.8
1195,Northern,23.0,4,23.8,80.0,4.7,75.0,28.0,0.08,455.9
1196,Northern,20.0,3,24.4,65.0,0.5,58.0,61.0,0.2,588.9
1197,Eastern,18.0,2,27.9,88.0,1.8,64.0,32.0,0.33,504.3
1198,Eastern,15.0,5,26.1,83.0,4.0,56.0,42.0,0.55,484.4
1199,Central,12.0,6,34.5,94.0,9.3,52.0,29.0,0.44,447.2
1200,Western,11.0,4,28.7,36.0,6.9,74.0,37.0,0.91,510.7
1201,Eastern,18.0,4,21.4,51.0,0.0,62.0,40.0,0.22,535.8
1202,Central,16.0,6,31.4,40.0,0.0,63.0,24.0,0.54,478.1
1203,Eastern,0.0,2,31.2,71.0,1.1,93.0,87.0,0.0,788.5
1204,Eastern,6.0,4,32.1,67.0,0.0,54.0,76.0,0.21,639.1
1205,Central,12.0,6,19.2,40.0,7.2,57.0,83.0,0.23,678.1
1206,Northern,19.0,4,23.6,49.0,4.8,74.0,65.0,0.03,651.0
1207,Northern,5.0,2,19.3,71.0,3.3,75.0,27.0,0.23,459.4
1208,Central,3.0,4,26.0,93.0,10.2,71.0,73.0,0.07,662.3
1209,Central,10.0,6,19.0,48.0,0.0,65.0,83.0,0.06,701.1
1210,Central,18.0,4,30.0,83.0,4.6,76.0,30.0,0.44,554.4
1211,Eastern,15.0,1,22.6,37.0,7.6,91.0,64.0,0.32,678.9
1212,Eastern,9.0,6,32.4,49.0,4.7,84.0,68.0,0.51,704.9
1213,Eastern,23.0,0,27.4,38.0,0.0,77.0,74.0,0.05,700.9
1214,Eastern,3.0,3,20.0,74.0,7.8,71.0,75.0,0.23,637.4
1215,Central,7.0,1,19.6,35.0,4.2,50.0,51.0,0.47,559.0
1216,Eastern,2.0,0,20.2,46.0,2.1,68.0,36.0,0.1,502.2
1217,Eastern,15.0,5,20.1,39.0,13.5,81.0,65.0,0.67,636.0
1218,Eastern,7.0,3,30.1,95.0,0.0,83.0,54.0,0.19,641.9
1219,Western,17.0,4,19.8,57.0,9.3,67.0,30.0,0.12,439.7
1220,Central,4.0,6,34.6,49.0,0.9,73.0,38.0,0.01,588.7
1221,Western,7.0,5,25.5,83.0,0.6,52.0,54.0,0.16,532.6
1222,Western,12.0,2,32.1,40.0,12.1,81.0,22.0,0.86,478.9
1223,Central,12.0,3,18.8,48.0,0.0,92.0,59.0,0.03,698.0
1224,Northern,11.0,0,33.5,83.0,11.9,98.0,95.0,0.2,790.7
1225,Central,0.0,2,30.3,74.0,0.0,56.0,90.0,0.0,722.4
1226,Northern,23.0,5,22.9,95.0,0.0,60.0,68.0,0.04,572.4
1227,Central,7.0,1,33.4,52.0,6.8,65.0,89.0,0.17,745.6
1228,Central,18.0,3,18.7,52.0,0.0,57.0,59.0,0.28,628.4
1229,Central,10.0,6,22.5,46.0,2.1,79.0,24.0,0.8,505.0
1230,Central,15.0,5,32.4,48.0,0.0,67.0,90.0,0.24,768.7
1231,Western,2.0,3,21.1,84.0,3.9,58.0,49.0,0.11,490.1
1232,Eastern,4.0,6,28.5,38.0,3.8,93.0,84.0,0.29,788.3
1233,Northern,18.0,2,18.7,80.0,4.7,66.0,22.0,0.34,453.8
1234,Western,11.0,4,30.2,73.0,3.2,57.0,85.0,0.07,665.2
1235,Western,6.0,2,27.7,88.0,5.3,68.0,38.0,0.01,485.7
1236,Northern,19.0,6,24.1,61.0,6.9,89.0,23.0,0.07,521.7
1237,Eastern,1.0,2,33.8,93.0,1.0,70.0,85.0,0.06,705.9
1238,Central,23.0,4,31.3,80.0,1.1,92.0,39.0,0.03,625.1
1239,Western,20.0,0,34.2,94.0,9.4,84.0,35.0,0.28,569.0
1240,Northern,16.0,6,18.9,65.0,0.0,67.0,44.0,0.56,487.2
1241,Western,9.0,1,23.6,86.0,3.5,70.0,34.0,0.52,483.2
1242,Central,14.0,5,34.3,61.0,0.0,73.0,81.0,0.5,745.4
1243,Eastern,14.0,6,25.1,71.0,9.9,99.0,72.0,0.56,692.8
1244,Central,21.0,1,28.3,85.0,2.0,76.0,73.0,0.13,744.4
1245,Western,4.0,4,26.4,91.0,4.5,50.0,41.0,0.04,431.1
1246,Central,8.0,6,27.4,94.0,0.7,77.0,23.0,0.46,512.9
1247,Northern,2.0,1,26.8,68.0,12.4,58.0,71.0,0.12,570.5
1248,Central,7.0,5,23.0,56.0,11.5,96.0,25.0,0.04,563.5
1249,Northern,11.0,3,33.5,75.0,0.0,98.0,81.0,0.64,765.1
1250,Central,23.0,1,30.3,72.0,13.2,59.0,20.0,0.05,418.8
1251,Northern,11.0,5,29.0,59.0,1.7,99.0,32.0,0.21,573.2
1252,Western,15.0,2,18.8,68.0,8.3,68.0,61.0,0.29,560.3
1253,Eastern,5.0,1,18.7,95.0,1.5,77.0,86.0,0.12,676.4
1254,Western,19.0,2,19.7,53.0,5.1,78.0,48.0,0.37,601.7
1255,Northern,9.0,2,34.8,83.0,5.9,59.0,32.0,0.16,468.7
1256,Eastern,16.0,6,20.9,73.0,13.4,50.0,82.0,0.56,580.4
1257,Western,0.0,2,21.5,95.0,8.0,83.0,36.0,0.0,508.3
1258,Western,9.0,0,30.2,93.0,6.0,81.0,53.0,0.07,606.0
1259,Eastern,4.0,2,30.4,42.0,11.8,96.0,29.0,0.11,555.8
1260,Central,16.0,2,22.7,75.0,2.3,95.0,60.0,0.59,676.2
1261,Central,1.0,3,19.7,80.0,4.2,90.0,21.0,0.02,508.1
1262,Eastern,18.0,3,32.8,49.0,1.2,81.0,43.0,0.37,618.1
1263,Eastern,9.0,1,21.4,91.0,8.1,50.0,75.0,0.05,598.6
1264,Western,17.0,4,21.5,46.0,10.4,90.0,94.0,0.14,780.8
1265,Northern,11.0,3,27.0,46.0,9.9,92.0,82.0,0.45,722.4
1266,Central,20.0,3,28.2,69.0,0.8,98.0,56.0,0.14,743.9
1267,Northern,14.0,2,22.2,62.0,7.2,92.0,34.0,0.29,537.4
1268,Western,12.0,5,20.2,91.0,0.0,88.0,72.0,0.69,672.1
1269,Central,0.0,2,22.6,48.0,9.7,85.0,61.0,0.0,661.5
1270,Central,10.0,3,24.7,63.0,0.0,67.0,82.0,0.61,706.9
1271,Eastern,10.0,5,31.9,54.0,0.0,84.0,46.0,0.65,600.3
1272,Central,3.0,4,28.4,43.0,2.2,74.0,31.0,0.2,538.3
1273,Eastern,10.0,2,31.0,70.0,4.5,73.0,88.0,0.17,726.7
1274,Eastern,5.0,6,27.1,90.0,2.2,73.0,62.0,0.17,602.9
1275,Central,17.0,5,22.2,35.0,4.0,82.0,70.0,0.46,703.9
1276,Eastern,1.0,1,22.8,36.0,4.1,52.0,54.0,0.06,539.8
1277,Central,12.0,5,24.8,87.0,2.8,54.0,29.0,0.5,434.8
1278,Eastern,22.0,6,30.5,36.0,12.4,56.0,95.0,0.13,705.4
1279,Central,6.0,6,28.3,54.0,4.1,69.0,55.0,0.23,604.2
1280,Central,3.0,2,34.5,71.0,0.0,64.0,72.0,0.14,679.7
1281,Western,15.0,2,33.4,69.0,0.0,96.0,70.0,0.71,721.2
1282,Eastern,17.0,5,19.8,49.0,2.0,78.0,67.0,0.28,644.0
1283,Central,3.0,5,23.3,44.0,8.0,85.0,41.0,0.05,574.9
1284,Eastern,15.0,4,22.2,44.0,0.0,53.0,83.0,0.19,653.7
1285,Western,9.0,5,23.7,44.0,10.4,50.0,54.0,0.52,520.2
1286,Northern,17.0,6,26.3,66.0,0.2,79.0,81.0,0.3,708.1
1287,Eastern,23.0,5,19.4,41.0,1.2,98.0,21.0,0.01,529.9
1288,Western,23.0,0,20.8,63.0,4.7,81.0,41.0,0.05,537.7
1289,Northern,16.0,3,20.4,90.0,0.0,57.0,75.0,0.66,578.5
1290,Eastern,23.0,5,22.6,55.0,0.0,59.0,57.0,0.04,552.5
1291,Western,6.0,6,28.4,80.0,0.0,79.0,46.0,0.47,571.6
1292,Western,23.0,5,34.9,94.0,7.0,50.0,60.0,0.03,543.6
1293,Central,4.0,3,19.1,35.0,1.8,84.0,78.0,0.11,748.6
1294,Eastern,1.0,4,26.0,45.0,9.5,72.0,21.0,0.08,453.2
1295,Northern,8.0,2,32.0,90.0,0.0,89.0,71.0,0.62,710.5
1296,Eastern,17.0,4,28.9,47.0,5.5,67.0,42.0,0.15,529.7
1297,Northern,3.0,1,31.5,72.0,0.0,97.0,80.0,0.05,753.2
1298,Eastern,0.0,6,21.9,48.0,10.6,59.0,41.0,0.0,487.5
1299,Western,0.0,2,19.3,38.0,8.9,92.0,80.0,0.0,742.1
1300,Western,16.0,6,20.0,70.0,0.0,72.0,59.0,0.56,589.2
1301,Northern,10.0,4,19.3,73.0,9.8,95.0,38.0,0.7,519.5
1302,Western,17.0,3,26.3,85.0,3.0,91.0,64.0,0.1,670.6
1303,Eastern,11.0,6,25.9,77.0,0.0,74.0,67.0,0.16,645.5
1304,Northern,23.0,0,21.3,58.0,2.5,71.0,32.0,0.08,470.3
1305,Western,8.0,4,33.7,73.0,2.0,75.0,25.0,0.66,506.7
1306,Western,22.0,2,22.7,38.0,12.2,88.0,78.0,0.08,709.0
1307,Northern,15.0,5,32.9,83.0,0.8,51.0,39.0,0.53,446.4
1308,Central,5.0,6,32.5,40.0,0.0,78.0,27.0,0.13,556.5
1309,Northern,17.0,2,34.7,47.0,0.0,93.0,60.0,0.52,666.0
1310,Western,5.0,4,30.3,58.0,0.0,76.0,27.0,0.03,496.0
1311,Eastern,16.0,1,30.4,40.0,3.7,94.0,84.0,0.27,785.3
1312,Northern,20.0,5,32.3,95.0,7.0,57.0,63.0,0.16,591.8
1313,Eastern,22.0,0,27.6,64.0,12.5,96.0,31.0,0.03,561.8
1314,Northern,18.0,5,34.4,84.0,3.4,79.0,30.0,0.44,536.5
1315,Eastern,7.0,2,32.2,76.0,12.4,69.0,26.0,0.22,467.5
1316,Eastern,9.0,1,22.7,71.0,1.6,67.0,45.0,0.13,548.9
1317,Northern,9.0,2,29.9,51.0,6.9,72.0,86.0,0.34,723.1
1318,Eastern,20.0,5,32.1,37.0,9.3,84.0,92.0,0.07,821.1
1319,Northern,22.0,3,23.9,86.0,1.3,94.0,84.0,0.09,737.1
1320,Western,23.0,6,22.6,67.0,3.6,66.0,24.0,0.08,424.7
1321,Northern,16.0,5,28.7,65.0,7.2,86.0,68.0,0.44,667.2
1322,Eastern,1.0,2,29.9,75.0,0.0,76.0,80.0,0.03,720.7
1323,Eastern,20.0,0,21.2,57.0,1.1,98.0,22.0,0.15,576.1
1324,Eastern,19.0,3,28.1,79.0,0.0,66.0,67.0,0.25,660.1
1325,Central,15.0,5,24.8,37.0,13.1,76.0,74.0,0.58,687.5
1326,Eastern,18.0,3,28.1,45.0,0.0,86.0,37.0,0.06,611.9
1327,Northern,10.0,6,34.3,40.0,0.0,79.0,70.0,0.14,695.2
1328,Eastern,0.0,5,20.5,91.0,5.0,65.0,46.0,0.0,512.2
1329,Western,23.0,1,20.6,70.0,5.7,60.0,64.0,0.01,559.1
1330,Western,17.0,5,24.7,48.0,9.3,95.0,51.0,0.45,617.3
1331,Northern,3.0,3,20.2,83.0,7.6,68.0,74.0,0.15,605.4
1332,Eastern,17.0,0,23.9,77.0,2.6,88.0,42.0,0.45,557.7
1333,Western,11.0,2,23.8,87.0,9.8,54.0,49.0,0.13,479.3
1334,Eastern,6.0,0,21.6,62.0,7.1,77.0,39.0,0.14,527.0
1335,Eastern,12.0,5,32.0,37.0,2.1,60.0,70.0,0.68,645.7
1336,Western,3.0,3,31.7,57.0,2.1,50.0,40.0,0.08,467.8
1337,Western,18.0,4,24.5,64.0,10.3,77.0,26.0,0.15,506.5
1338,Northern,8.0,5,28.8,73.0,6.8,99.0,80.0,0.47,746.8
1339,Western,17.0,2,19.9,46.0,9.1,93.0,30.0,0.09,529.2
1340,Western,10.0,5,28.0,47.0,0.0,77.0,26.0,0.39,490.3
1341,Northern,1.0,0,32.8,64.0,0.0,66.0,74.0,0.03,661.0
1342,Western,9.0,6,31.9,69.0,2.5,51.0,77.0,0.24,641.5
1343,Western,20.0,0,28.1,57.0,2.3,65.0,42.0,0.03,547.7
1344,Northern,3.0,1,30.4,75.0,0.0,79.0,51.0,0.23,584.0
1345,Central,23.0,6,26.9,64.0,7.3,59.0,32.0,0.03,483.6
1346,Central,23.0,0,23.7,75.0,3.0,61.0,52.0,0.06,554.6
1347,Northern,23.0,0,32.2,62.0,11.7,69.0,85.0,0.04,680.4
1348,Western,7.0,5,31.6,58.0,0.0,67.0,43.0,0.16,553.1
1349,Central,21.0,0,28.3,93.0,4.7,76.0,46.0,0.0,630.3
1350,Northern,13.0,5,20.2,52.0,0.0,56.0,48.0,0.21,494.8
1351,Western,22.0,2,21.8,74.0,1.1,87.0,73.0,0.11,701.0
1352,Northern,10.0,4,24.6,94.0,0.0,72.0,76.0,0.13,642.1
1353,Western,23.0,3,21.6,79.0,5.4,52.0,93.0,0.08,662.3
1354,Northern,20.0,3,27.5,57.0,10.2,69.0,57.0,0.25,609.8
1355,Northern,14.0,5,25.9,44.0,0.9,86.0,75.0,0.35,697.2
1356,Western,0.0,6,34.5,70.0,2.4,84.0,36.0,0.0,534.2
1357,Eastern,3.0,0,24.7,48.0,9.5,60.0,71.0,0.14,607.3
1358,Northern,11.0,6,21.7,92.0,0.0,90.0,33.0,0.61,510.4
1359,Eastern,21.0,5,30.9,55.0,0.0,75.0,83.0,0.19,763.8
1360,Northern,9.0,6,33.7,45.0,5.8,50.0,88.0,0.62,666.1
1361,Western,14.0,5,20.9,93.0,8.4,76.0,72.0,0.16,636.7
1362,Western,0.0,4,21.8,74.0,0.0,51.0,61.0,0.0,515.8
1363,Western,5.0,4,28.6,78.0,7.0,85.0,85.0,0.36,734.3
1364,Eastern,5.0,3,24.3,90.0,3.4,70.0,36.0,0.12,498.7
1365,Eastern,0.0,1,27.8,64.0,3.2,100.0,42.0,0.0,634.1
1366,Eastern,16.0,5,19.9,73.0,8.3,65.0,79.0,0.48,618.1
1367,Western,2.0,0,30.7,78.0,0.0,74.0,29.0,0.13,476.8
1368,Central,8.0,5,27.1,80.0,4.2,78.0,81.0,0.55,734.3
1369,Northern,1.0,2,31.8,88.0,6.8,75.0,85.0,0.05,685.1
1370,Central,14.0,3,31.4,41.0,5.4,96.0,41.0,0.31,650.6
1371,Central,21.0,2,20.4,50.0,4.0,71.0,29.0,0.11,536.9
1372,Western,22.0,3,30.8,83.0,2.7,71.0,77.0,0.12,675.2
1373,Central,18.0,2,28.1,83.0,6.9,64.0,67.0,0.28,675.9
1374,Western,22.0,2,23.2,80.0,6.9,95.0,76.0,0.11,725.9
1375,Western,4.0,5,31.7,43.0,5.5,66.0,49.0,0.01,562.1
1376,Western,6.0,4,23.2,72.0,7.7,80.0,41.0,0.49,528.3
1377,Western,20.0,1,28.0,67.0,1.1,91.0,41.0,0.29,632.3
1378,Northern,15.0,1,26.2,59.0,15.1,64.0,59.0,0.15,548.6
1379,Northern,4.0,2,28.3,81.0,4.8,81.0,78.0,0.19,672.9
1380,Eastern,20.0,0,32.3,89.0,6.7,97.0,45.0,0.12,645.4
1381,Central,1.0,3,28.6,95.0,2.1,53.0,77.0,0.05,644.9
1382,Eastern,7.0,1,22.4,82.0,7.8,64.0,78.0,0.1,669.9
1383,Central,19.0,2,27.4,40.0,2.6,58.0,86.0,0.13,738.0
1384,Central,6.0,1,22.1,83.0,0.0,70.0,29.0,0.1,491.1
1385,Western,3.0,3,19.4,47.0,8.4,69.0,92.0,0.0,713.7
1386,Eastern,13.0,6,33.4,81.0,9.6,87.0,78.0,0.91,700.3
1387,Western,8.0,6,24.9,52.0,0.0,82.0,56.0,0.63,634.8
1388,Northern,9.0,2,32.7,50.0,0.0,90.0,76.0,0.08,763.3
1389,Eastern,5.0,3,18.1,92.0,8.6,61.0,28.0,0.32,405.3
1390,Eastern,21.0,2,19.6,90.0,0.0,62.0,33.0,0.19,492.3
1391,Northern,6.0,2,26.5,55.0,3.6,89.0,46.0,0.29,578.3
1392,Eastern,4.0,2,20.7,84.0,0.6,89.0,40.0,0.11,565.2
1393,Eastern,16.0,3,29.1,85.0,0.0,66.0,80.0,0.62,669.3
1394,Northern,9.0,2,20.5,56.0,1.6,78.0,59.0,0.32,601.5
1395,Western,12.0,6,25.1,83.0,4.6,72.0,37.0,0.97,483.6
1396,Northern,8.0,0,31.9,47.0,5.0,73.0,23.0,0.21,492.6
1397,Western,12.0,2,27.5,82.0,4.1,67.0,33.0,0.07,478.3
1398,Central,5.0,2,30.3,95.0,2.0,99.0,69.0,0.29,739.4
1399,Central,22.0,3,22.2,73.0,1.5,90.0,63.0,0.05,692.8
1400,Central,11.0,3,33.7,42.0,0.0,70.0,72.0,0.76,700.1
1401,Northern,4.0,4,23.1,47.0,0.0,86.0,89.0,0.25,749.4
1402,Central,8.0,4,27.0,53.0,2.0,100.0,60.0,0.64,736.1
1403,Eastern,11.0,6,25.6,91.0,4.0,79.0,66.0,0.31,642.0
1404,Central,21.0,5,22.4,73.0,3.0,91.0,72.0,0.11,768.7
1405,Northern,15.0,6,18.8,68.0,17.0,51.0,92.0,0.33,624.9
1406,Northern,1.0,4,32.8,55.0,4.5,90.0,28.0,0.06,523.9
1407,Central,18.0,0,34.6,84.0,5.2,86.0,79.0,0.31,800.2
1408,Western,6.0,6,19.2,78.0,0.0,97.0,39.0,0.33,577.0
1409,Western,2.0,1,29.0,56.0,0.0,51.0,71.0,0.1,600.1
1410,Eastern,0.0,4,32.1,36.0,7.4,66.0,48.0,0.0,559.1
1411,Northern,10.0,4,25.8,77.0,5.9,95.0,93.0,0.13,796.1
1412,Central,4.0,1,23.2,41.0,9.7,99.0,36.0,0.18,615.5
1413,Northern,2.0,2,32.8,94.0,3.4,60.0,74.0,0.17,616.8
1414,Western,7.0,1,31.1,36.0,10.0,57.0,68.0,0.01,633.7
1415,Eastern,23.0,6,30.6,59.0,8.1,63.0,68.0,0.05,618.3
1416,Central,3.0,0,34.5,67.0,9.9,60.0,46.0,0.03,544.2
1417,Eastern,15.0,5,28.3,82.0,8.2,55.0,84.0,0.27,638.2
1418,Western,8.0,4,19.9,64.0,7.9,75.0,32.0,0.24,497.5
1419,Central,9.0,6,19.1,95.0,5.4,91.0,69.0,0.66,705.7
1420,Eastern,0.0,2,30.4,92.0,1.8,61.0,92.0,0.0,706.2
1421,Eastern,16.0,1,20.4,65.0,3.1,97.0,57.0,0.25,652.6
1422,Eastern,13.0,6,20.7,46.0,5.8,97.0,43.0,0.33,611.0
1423,Northern,3.0,6,20.8,66.0,4.4,66.0,61.0,0.01,573.2
1424,Western,0.0,2,18.5,65.0,12.9,52.0,89.0,0.0,632.1
1425,Eastern,19.0,5,26.9,45.0,6.7,55.0,73.0,0.41,651.0
1426,Eastern,3.0,3,25.9,61.0,6.8,88.0,20.0,0.08,482.2
1427,Central,15.0,2,20.2,77.0,0.0,80.0,83.0,0.56,728.2
1428,Eastern,18.0,1,20.1,67.0,11.2,92.0,30.0,0.37,571.0
1429,Eastern,22.0,3,22.8,74.0,5.8,96.0,58.0,0.05,660.1
1430,Eastern,14.0,5,28.0,68.0,0.0,70.0,74.0,0.31,652.4
1431,Western,4.0,4,30.5,89.0,13.6,90.0,26.0,0.26,503.8
1432,Western,5.0,0,20.4,37.0,4.9,70.0,21.0,0.24,429.0
1433,Western,15.0,6,23.8,75.0,12.1,78.0,47.0,0.34,525.8
1434,Northern,8.0,4,25.5,82.0,1.4,71.0,43.0,0.17,547.0
1435,Northern,15.0,6,27.3,77.0,11.1,54.0,66.0,0.32,552.3
1436,Central,0.0,4,20.1,49.0,12.3,85.0,57.0,0.0,642.8
1437,Eastern,11.0,2,25.7,70.0,5.1,75.0,85.0,0.18,707.7
1438,Eastern,21.0,1,31.2,47.0,2.5,86.0,87.0,0.13,806.5
1439,Northern,17.0,2,27.2,79.0,8.8,60.0,32.0,0.4,423.4
1440,Eastern,20.0,5,32.6,49.0,7.6,84.0,74.0,0.29,736.7
1441,Western,8.0,0,34.3,95.0,0.0,80.0,79.0,0.21,733.1
1442,Eastern,23.0,2,18.0,51.0,1.1,96.0,28.0,0.0,532.5
1443,Eastern,13.0,1,20.4,87.0,10.1,75.0,40.0,0.59,515.1
1444,Northern,12.0,4,21.3,88.0,0.9,58.0,71.0,0.12,581.9
1445,Northern,23.0,4,34.1,44.0,3.8,98.0,61.0,0.0,702.2
1446,Eastern,3.0,4,23.3,41.0,3.9,92.0,76.0,0.07,722.6
1447,Northern,3.0,4,30.6,64.0,8.9,67.0,25.0,0.1,450.3
1448,Western,8.0,0,28.7,62.0,0.0,98.0,57.0,0.15,689.0
1449,Eastern,3.0,0,35.0,73.0,12.7,92.0,83.0,0.21,752.6
1450,Northern,13.0,3,19.0,41.0,5.7,66.0,85.0,0.3,656.7
1451,Western,21.0,6,22.3,57.0,5.0,65.0,94.0,0.12,750.3
1452,Western,18.0,3,29.3,41.0,12.4,85.0,92.0,0.19,808.5
1453,Central,16.0,6,33.7,59.0,5.3,86.0,32.0,0.08,581.6
1454,Western,7.0,2,27.9,80.0,7.3,95.0,25.0,0.2,535.1
1455,Western,14.0,6,25.8,90.0,0.0,92.0,23.0,0.18,503.2
1456,Central,5.0,0,28.7,56.0,12.2,96.0,78.0,0.35,781.9
1457,Northern,8.0,2,31.9,57.0,0.0,78.0,26.0,0.22,527.3
1458,Northern,22.0,5,22.5,85.0,6.4,97.0,71.0,0.13,698.1
1459,Eastern,5.0,6,26.5,40.0,0.0,70.0,59.0,0.04,622.0
1460,Western,23.0,0,28.9,55.0,0.0,62.0,53.0,0.07,549.8
1461,Eastern,15.0,2,23.7,63.0,9.6,70.0,22.0,0.08,426.4
1462,Eastern,18.0,2,33.5,79.0,0.4,75.0,29.0,0.1,539.1
1463,Eastern,2.0,5,28.2,91.0,0.0,95.0,63.0,0.09,672.3
1464,Northern,12.0,1,33.7,41.0,7.6,89.0,92.0,0.97,764.2
1465,Northern,10.0,1,25.5,37.0,3.1,51.0,83.0,0.19,633.3
1466,Eastern,22.0,1,22.2,49.0,0.0,50.0,57.0,0.04,537.5
1467,Eastern,0.0,6,28.4,88.0,0.0,76.0,43.0,0.0,555.4
1468,Northern,18.0,3,28.7,91.0,7.0,95.0,66.0,0.4,703.9
1469,Northern,8.0,3,24.3,92.0,6.3,54.0,37.0,0.21,441.6
1470,Western,22.0,1,31.5,72.0,12.7,84.0,60.0,0.02,648.1
1471,Eastern,19.0,1,30.2,80.0,0.0,79.0,54.0,0.24,626.9
1472,Eastern,1.0,3,28.5,66.0,1.5,51.0,91.0,0.04,673.2
1473,Northern,20.0,0,33.2,65.0,4.9,54.0,55.0,0.19,563.9
1474,Eastern,23.0,0,30.1,66.0,0.0,75.0,47.0,0.06,581.6
1475,Western,9.0,4,29.9,54.0,0.0,59.0,89.0,0.74,714.2
1476,Central,18.0,2,32.7,74.0,10.9,99.0,29.0,0.31,632.2
1477,Eastern,16.0,3,30.4,81.0,7.8,61.0,23.0,0.43,436.3
1478,Western,15.0,5,20.0,40.0,7.2,76.0,68.0,0.52,634.9
1479,Western,4.0,6,23.8,41.0,1.8,66.0,83.0,0.03,687.7
1480,Northern,8.0,3,21.4,57.0,10.1,78.0,32.0,0.35,495.6
