Hour,DayOfWeek,Temperature_C,Humidity_pct,Rainfall_mm,PopulationIndex,IndustrialIndex,SolarGenerationIndex,Morning_Peak,Evening_Peak,Is_Weekend,Is_Working_Day,Region_Encoded,GridLoad_MW
20.0,0,26.7,52.0,3.1,93.0,89.0,0.03,0,1,0,1,0,850.3
13.0,0,18.5,63.0,3.7,95.0,89.0,0.38,0,0,0,1,1,788.3
14.0,4,22.7,90.0,3.3,71.0,55.0,0.13,0,0,0,1,3,548.0
10.0,0,19.6,41.0,0.1,75.0,78.0,0.45,0,0,0,1,2,604.6
12.0,0,27.4,88.0,0.0,86.0,58.0,0.7,0,0,0,1,2,546.1
1.0,5,21.9,53.0,12.8,74.0,55.0,0.04,0,0,1,0,0,900.0
11.0,1,24.3,48.0,0.0,88.0,41.0,0.49,0,0,0,1,0,599.1
7.0,1,25.9,52.0,10.1,93.0,61.0,0.49,1,0,0,1,1,680.7
1.0,1,32.0,86.0,1.4,86.0,60.0,0.02,0,0,0,1,1,661.0
15.0,3,33.0,76.0,0.0,97.0,91.0,0.4,0,0,0,1,1,816.2
23.0,4,25.3,63.0,0.2,82.0,83.0,0.01,0,0,0,1,1,732.7
12.0,6,19.9,75.0,7.0,74.0,68.0,0.05,0,0,1,0,0,662.8
14.0,4,22.3,70.0,3.5,93.0,88.0,1.8,0,0,0,1,0,792.0
20.0,2,19.9,62.0,3.3,82.0,42.0,0.17,0,1,0,1,2,577.2
3.0,6,28.6,88.0,0.0,73.0,40.0,0.13,0,0,1,0,1,520.6
16.0,0,28.2,66.0,14.4,65.0,27.0,0.16,0,0,0,1,2,426.2
18.0,0,19.5,66.0,8.6,58.0,80.0,0.47,0,1,0,1,1,636.4
5.0,2,27.0,73.0,0.0,95.0,59.0,0.17,0,0,0,1,1,675.8
21.0,5,24.3,92.0,0.5,54.0,63.0,0.01,0,0,1,0,1,594.5
17.0,1,28.0,35.0,9.4,54.0,24.0,0.5,0,1,0,1,1,413.3
2.0,4,22.0,77.0,0.0,65.0,80.0,0.13,0,0,0,1,3,652.2
6.0,0,19.6,62.0,0.0,93.0,32.0,0.03,1,0,0,1,0,587.5
23.0,2,31.6,41.0,3.0,58.0,74.0,0.02,0,0,0,1,3,642.2
14.0,1,32.9,39.0,0.0,53.0,89.0,0.7,0,0,0,1,0,720.3
2.0,6,32.4,45.0,0.0,53.0,41.0,0.06,0,0,1,0,3,499.0
12.0,2,33.8,85.0,0.0,59.0,44.0,0.3,0,0,0,1,3,509.4
1.0,4,30.5,38.0,3.0,82.0,87.0,0.01,0,0,0,1,3,757.4
16.0,0,32.5,39.0,0.0,75.0,35.0,0.63,0,0,0,1,1,528.2
18.0,1,27.8,37.0,0.0,66.0,46.0,0.33,0,1,0,1,2,567.2
10.0,1,22.5,43.0,1.0,98.0,29.0,0.01,0,0,0,1,2,545.2
19.0,4,34.9,39.0,0.0,72.0,28.0,0.37,0,1,0,1,1,544.4
11.0,2,20.7,88.0,0.0,92.0,90.0,0.27,0,0,0,1,0,796.3
21.0,0,34.0,43.0,2.0,67.0,56.0,0.15,0,0,0,1,1,657.3
22.0,2,21.5,75.0,6.6,53.0,31.0,0.11,0,0,0,1,2,391.9
8.0,0,18.1,84.0,12.5,97.0,76.0,0.37,1,0,0,1,1,739.7
13.0,4,18.2,39.0,10.2,84.0,24.0,0.77,0,0,0,1,1,467.8
18.0,4,20.5,43.0,7.6,72.0,46.0,0.34,0,1,0,1,0,609.3
21.0,0,24.0,70.0,6.8,65.0,40.0,0.24,0,0,0,1,1,525.8
5.0,3,18.4,82.0,10.8,92.0,51.0,0.11,0,0,0,1,3,584.8
22.0,0,24.5,37.0,5.2,72.0,59.0,0.14,0,0,0,1,3,596.9
7.0,1,18.4,47.0,0.0,99.0,55.0,0.2,1,0,0,1,0,715.9
16.0,3,29.6,88.0,0.0,66.0,42.0,0.39,0,0,0,1,0,539.9
8.0,0,19.8,62.0,0.0,88.0,85.0,0.08,1,0,0,1,3,774.2
18.0,1,22.3,80.0,0.0,73.0,75.0,0.03,0,1,0,1,1,704.9
21.0,2,28.6,77.0,7.6,82.0,59.0,0.17,0,0,0,1,2,639.0
10.0,3,29.9,70.0,6.6,93.0,42.0,0.51,0,0,0,1,3,592.2
9.0,3,27.3,35.0,1.9,79.0,76.0,0.33,1,0,0,1,2,714.0
6.0,4,26.0,92.0,10.9,68.0,85.0,0.33,1,0,0,1,0,694.6
19.0,2,19.6,95.0,3.1,62.0,38.0,0.01,0,1,0,1,1,492.4
7.0,3,28.4,84.0,7.6,95.0,69.0,0.29,1,0,0,1,1,722.1
7.0,1,29.2,35.0,10.8,99.0,74.0,0.13,1,0,0,1,0,789.3
22.0,4,25.9,70.0,3.0,58.0,79.0,0.11,0,0,0,1,3,648.2
17.0,4,23.4,83.0,8.3,85.0,77.0,0.52,0,1,0,1,3,674.4
23.0,6,26.1,51.0,3.1,99.0,86.0,0.04,0,0,1,0,2,767.2
7.0,2,25.5,80.0,2.1,84.0,30.0,0.08,1,0,0,1,2,527.9
7.0,3,29.8,80.0,4.2,84.0,79.0,0.24,1,0,0,1,2,728.8
6.0,6,25.1,92.0,4.5,98.0,93.0,0.19,1,0,1,0,0,810.6
0.0,2,23.1,59.0,10.5,84.0,89.0,0.0,0,0,0,1,3,724.1
7.0,3,21.7,62.0,0.0,96.0,41.0,0.49,1,0,0,1,3,609.0
4.0,4,27.1,93.0,0.0,55.0,74.0,0.05,0,0,0,1,0,643.6
14.0,1,18.9,59.0,0.4,98.0,68.0,0.23,0,0,0,1,2,698.9
13.0,2,32.2,65.0,9.2,64.0,28.0,0.72,0,0,0,1,2,434.0
20.0,0,30.8,95.0,3.2,65.0,36.0,0.16,0,1,0,1,1,540.7
3.0,4,34.1,64.0,0.3,88.0,34.0,0.19,0,0,0,1,1,556.3
5.0,2,19.8,36.0,8.9,75.0,45.0,0.03,0,0,0,1,3,536.9
22.0,6,28.7,41.0,1.6,100.0,92.0,0.13,0,0,1,0,0,858.2
11.0,4,25.3,58.0,9.6,76.0,82.0,0.1,0,0,0,1,0,732.4
11.0,5,33.2,64.0,1.6,89.0,88.0,0.71,0,0,1,0,2,753.5
14.0,3,32.0,72.0,1.9,67.0,77.0,0.2,0,0,0,1,0,713.9
14.0,4,28.4,59.0,0.0,61.0,82.0,0.18,0,0,0,1,2,664.5
8.0,2,22.8,73.0,1.8,83.0,44.0,0.06,1,0,0,1,0,611.7
23.0,3,26.3,83.0,3.3,78.0,22.0,0.01,0,0,0,1,3,470.4
7.0,3,29.8,54.0,0.5,77.0,90.0,0.19,1,0,0,1,2,753.8
22.0,3,22.6,51.0,4.0,57.0,88.0,0.16,0,0,0,1,2,667.1
22.0,1,21.3,82.0,0.0,56.0,44.0,0.05,0,0,0,1,2,469.3
11.0,1,23.1,80.0,0.0,85.0,57.0,0.64,0,0,0,1,0,646.2
4.0,5,32.8,66.0,3.6,80.0,81.0,0.15,0,0,1,0,2,711.3
5.0,0,22.3,90.0,0.0,81.0,29.0,0.24,0,0,0,1,3,491.1
21.0,0,20.6,86.0,0.0,57.0,91.0,0.19,0,0,0,1,1,706.3
19.0,4,31.4,49.0,3.8,69.0,95.0,0.41,0,1,0,1,3,775.6
9.0,4,28.6,74.0,5.2,90.0,47.0,0.2,1,0,0,1,1,623.9
2.0,1,22.1,70.0,3.3,94.0,80.0,0.05,0,0,0,1,3,737.8
7.0,2,30.0,79.0,4.2,66.0,95.0,0.39,1,0,0,1,1,741.9
6.0,3,20.0,49.0,0.0,54.0,27.0,0.08,1,0,0,1,1,405.2
9.0,4,30.7,71.0,7.7,94.0,58.0,0.52,1,0,0,1,3,668.6
8.0,4,27.2,63.0,4.2,97.0,61.0,0.4,1,0,0,1,3,698.0
0.0,0,21.9,78.0,6.4,98.0,54.0,0.0,0,0,0,1,0,664.0
5.0,3,26.8,63.0,5.7,90.0,82.0,0.4,0,0,0,1,3,734.3
15.0,2,24.9,55.0,0.0,76.0,83.0,0.22,0,0,0,1,2,685.6
12.0,6,30.9,37.0,0.0,57.0,71.0,0.86,0,0,1,0,2,606.0
0.0,5,32.8,64.0,0.2,89.0,83.0,0.0,0,0,1,0,2,756.4
1.0,1,22.5,43.0,7.8,57.0,23.0,0.08,0,0,0,1,3,399.1
19.0,6,22.1,45.0,2.7,55.0,48.0,0.41,0,1,1,0,3,539.2
3.0,3,34.1,76.0,5.9,82.0,54.0,0.1,0,0,0,1,2,596.3
15.0,3,22.1,70.0,5.0,54.0,55.0,0.58,0,0,0,1,1,516.1
13.0,2,33.9,67.0,3.0,87.0,94.0,0.92,0,0,0,1,2,775.3
15.0,6,20.5,69.0,0.0,79.0,61.0,0.65,0,0,1,0,3,610.4
22.0,1,27.7,49.0,6.2,97.0,80.0,0.12,0,0,0,1,2,744.2
12.0,3,34.8,85.0,9.0,52.0,36.0,0.5,0,0,0,1,3,419.3
18.0,2,32.8,90.0,4.3,50.0,38.0,0.2,0,1,0,1,3,484.1
20.0,1,19.3,85.0,7.5,91.0,30.0,0.28,0,1,0,1,3,545.8
21.0,6,27.1,55.0,0.0,84.0,24.0,0.15,0,0,1,0,3,531.0
7.0,5,29.6,53.0,11.3,56.0,32.0,0.26,1,0,1,0,3,457.9
22.0,2,33.4,37.0,2.2,73.0,75.0,0.02,0,0,0,1,2,684.8
16.0,3,27.6,85.0,4.3,89.0,50.0,0.33,0,0,0,1,3,606.3
18.0,1,21.9,75.0,2.9,79.0,56.0,0.34,0,1,0,1,0,671.5
5.0,0,25.5,57.0,7.2,94.0,52.0,0.19,0,0,0,1,3,629.0
9.0,1,35.0,89.0,0.0,86.0,57.0,0.74,1,0,0,1,2,644.9
9.0,0,34.6,77.0,2.5,88.0,83.0,0.62,1,0,0,1,0,802.0
9.0,6,31.6,73.0,4.1,89.0,52.0,0.51,1,0,1,0,1,639.9
23.0,6,29.2,88.0,4.5,69.0,76.0,0.0,0,0,1,0,0,690.2
11.0,5,20.2,93.0,0.7,62.0,36.0,0.72,0,0,1,0,1,464.1
11.0,4,26.5,52.0,4.9,68.0,63.0,0.74,0,0,0,1,3,589.4
14.0,0,20.4,49.0,8.1,85.0,66.0,0.08,0,0,0,1,3,642.0
12.0,0,22.5,42.0,0.0,87.0,68.0,0.82,0,0,0,1,2,667.3
11.0,0,26.7,65.0,13.3,89.0,48.0,0.59,0,0,0,1,2,580.8
20.0,6,25.9,79.0,1.4,52.0,24.0,0.1,0,1,1,0,1,446.4
15.0,0,19.7,91.0,0.0,92.0,89.0,0.31,0,0,0,1,2,743.5
23.0,5,20.6,61.0,0.0,67.0,24.0,0.06,0,0,1,0,3,425.4
6.0,3,25.6,50.0,4.4,84.0,65.0,0.03,1,0,0,1,2,648.3
8.0,1,34.5,95.0,6.2,91.0,22.0,0.03,1,0,0,1,1,525.1
10.0,1,34.8,85.0,1.3,87.0,47.0,0.68,0,0,0,1,1,601.3
7.0,2,31.2,85.0,3.3,58.0,89.0,0.15,1,0,0,1,1,700.8
5.0,0,29.2,36.0,6.2,87.0,61.0,0.01,0,0,0,1,1,675.1
8.0,0,20.2,61.0,0.0,78.0,66.0,0.34,1,0,0,1,3,651.7
3.0,3,26.6,95.0,0.0,79.0,23.0,0.02,0,0,0,1,2,450.4
15.0,6,24.8,78.0,9.1,54.0,30.0,0.24,0,0,1,0,3,416.1
4.0,0,20.1,74.0,0.0,74.0,87.0,0.1,0,0,0,1,2,686.6
16.0,4,25.3,85.0,0.1,77.0,77.0,0.59,0,0,0,1,1,661.7
13.0,2,32.1,60.0,1.1,70.0,52.0,0.34,0,0,0,1,3,578.3
4.0,5,33.7,39.0,4.8,56.0,67.0,0.27,0,0,1,0,3,603.4
17.0,0,28.0,70.0,0.0,72.0,74.0,0.51,0,1,0,1,3,652.8
23.0,0,34.5,73.0,2.1,59.0,81.0,0.02,0,0,0,1,1,670.8
3.0,2,32.4,58.0,6.0,77.0,91.0,0.24,0,0,0,1,1,758.3
19.0,4,29.5,70.0,14.3,51.0,43.0,0.11,0,1,0,1,2,490.9
9.0,2,24.0,46.0,7.4,54.0,38.0,0.56,1,0,0,1,3,461.6
0.0,0,30.7,48.0,0.0,73.0,59.0,0.0,0,0,0,1,1,633.4
18.0,4,19.4,38.0,7.7,93.0,30.0,0.14,0,1,0,1,0,620.1
21.0,3,26.3,63.0,0.0,72.0,75.0,0.03,0,0,0,1,0,745.8
21.0,5,28.1,68.0,2.2,88.0,27.0,0.0,0,0,1,0,3,560.6
9.0,1,31.0,83.0,2.8,81.0,75.0,0.13,1,0,0,1,0,752.8
12.0,4,30.0,67.0,0.0,54.0,70.0,0.86,0,0,0,1,2,573.0
1.0,3,18.3,93.0,6.8,86.0,71.0,0.06,0,0,0,1,3,658.6
13.0,2,20.0,36.0,6.0,94.0,66.0,0.08,0,0,0,1,3,685.4
3.0,1,25.4,60.0,0.0,97.0,63.0,0.06,0,0,0,1,2,682.7
5.0,0,26.7,42.0,0.0,72.0,38.0,0.1,0,0,0,1,2,517.1
4.0,2,21.4,73.0,7.8,61.0,83.0,0.15,0,0,0,1,0,685.7
18.0,6,27.9,78.0,8.7,90.0,60.0,0.08,0,1,1,0,2,670.6
2.0,3,25.5,54.0,4.9,82.0,29.0,0.05,0,0,0,1,2,488.0
14.0,0,19.0,88.0,1.3,89.0,84.0,0.32,0,0,0,1,0,770.2
18.0,4,34.2,82.0,7.3,70.0,80.0,0.25,0,1,0,1,1,715.6
1.0,3,19.8,92.0,10.4,82.0,42.0,0.0,0,0,0,1,0,541.8
22.0,3,34.8,68.0,0.1,68.0,69.0,0.07,0,0,0,1,2,635.5
10.0,5,28.2,85.0,0.0,56.0,91.0,0.57,0,0,1,0,2,655.6
9.0,2,30.3,77.0,9.6,71.0,30.0,0.44,1,0,0,1,1,489.4
4.0,2,23.3,76.0,1.4,69.0,91.0,0.13,0,0,0,1,0,735.6
10.0,6,20.2,79.0,6.9,91.0,74.0,0.42,0,0,1,0,0,709.6
0.0,2,23.3,95.0,5.7,62.0,48.0,0.0,0,0,0,1,3,522.0
4.0,0,23.0,85.0,9.9,92.0,63.0,0.29,0,0,0,1,0,689.0
19.0,1,28.2,44.0,7.9,96.0,76.0,0.02,0,1,0,1,1,801.5
11.0,5,30.2,63.0,0.0,64.0,88.0,0.22,0,0,1,0,3,692.3
15.0,6,21.3,78.0,16.6,99.0,56.0,0.58,0,0,1,0,3,616.3
16.0,4,25.1,45.0,6.7,66.0,26.0,0.43,0,0,0,1,1,434.6
11.0,4,33.9,80.0,8.5,55.0,40.0,0.25,0,0,0,1,2,446.4
16.0,1,32.1,40.0,6.3,72.0,23.0,0.28,0,0,0,1,3,465.7
12.0,4,24.4,59.0,7.8,70.0,32.0,0.84,0,0,0,1,0,498.6
20.0,2,31.5,43.0,13.8,94.0,37.0,0.25,0,1,0,1,3,620.6
15.0,3,28.5,92.0,6.4,85.0,87.0,0.32,0,0,0,1,1,741.7
9.0,1,23.1,38.0,3.5,54.0,34.0,0.63,1,0,0,1,3,470.7
15.0,4,27.1,75.0,0.0,68.0,74.0,0.0,0,0,0,1,1,653.6
11.0,1,27.7,46.0,1.9,54.0,87.0,0.5,0,0,0,1,2,648.7
16.0,4,18.3,90.0,0.0,66.0,22.0,0.24,0,0,0,1,2,400.1
2.0,2,22.1,77.0,0.0,58.0,25.0,0.06,0,0,0,1,2,391.6
10.0,6,28.9,88.0,3.3,90.0,43.0,0.68,0,0,1,0,3,564.6
2.0,5,31.2,64.0,6.3,52.0,60.0,0.16,0,0,1,0,1,552.2
16.0,3,34.8,69.0,1.7,68.0,65.0,0.57,0,0,0,1,1,625.3
1.0,6,29.1,52.0,6.4,97.0,76.0,0.07,0,0,1,0,3,752.2
12.0,2,34.6,66.0,1.3,55.0,74.0,0.08,0,0,0,1,2,608.5
19.0,6,21.1,53.0,2.1,69.0,77.0,0.25,0,1,1,0,2,687.0
13.0,1,29.7,57.0,0.0,89.0,75.0,0.25,0,0,0,1,2,719.1
1.0,0,29.4,60.0,0.0,51.0,38.0,0.07,0,0,0,1,1,479.6
21.0,6,25.4,43.0,10.9,73.0,69.0,0.24,0,0,1,0,2,669.3
1.0,4,20.6,63.0,7.6,86.0,37.0,0.04,0,0,0,1,0,567.6
12.0,2,29.0,50.0,4.1,81.0,86.0,0.39,0,0,0,1,1,742.5
17.0,0,22.5,51.0,2.0,94.0,82.0,0.12,0,1,0,1,2,739.5
4.0,6,19.3,46.0,7.4,93.0,60.0,0.22,0,0,1,0,0,679.6
22.0,0,27.3,53.0,10.6,100.0,66.0,0.08,0,0,0,1,1,700.4
3.0,1,31.5,50.0,3.3,79.0,90.0,0.03,0,0,0,1,2,747.8
2.0,0,23.3,80.0,1.8,86.0,29.0,0.02,0,0,0,1,3,501.0
10.0,5,19.3,64.0,1.0,99.0,36.0,0.36,0,0,1,0,1,570.4
1.0,6,20.1,44.0,2.0,72.0,86.0,0.07,0,0,1,0,1,713.0
2.0,2,21.3,70.0,1.9,82.0,41.0,0.1,0,0,0,1,0,591.3
18.0,1,20.9,74.0,1.7,51.0,30.0,0.02,0,1,0,1,0,471.6
20.0,6,27.8,76.0,4.6,81.0,89.0,0.1,0,1,1,0,0,825.9
9.0,3,22.2,86.0,1.3,94.0,27.0,0.12,1,0,0,1,0,570.1
13.0,3,25.9,56.0,0.0,96.0,64.0,0.89,0,0,0,1,2,670.7
4.0,6,24.3,70.0,5.9,67.0,77.0,0.08,0,0,1,0,0,683.2
3.0,0,22.9,59.0,6.4,70.0,93.0,0.18,0,0,0,1,1,715.6
6.0,6,20.7,67.0,0.0,51.0,31.0,0.47,1,0,1,0,3,413.0
16.0,3,34.4,48.0,1.6,81.0,80.0,0.19,0,0,0,1,2,721.1
0.0,6,19.8,43.0,9.0,73.0,25.0,0.0,0,0,1,0,3,444.2
18.0,4,21.3,70.0,1.8,98.0,90.0,0.14,0,1,0,1,3,836.5
19.0,5,28.4,43.0,7.9,85.0,66.0,0.31,0,1,1,0,2,695.9
6.0,4,26.7,67.0,4.4,80.0,86.0,0.23,1,0,0,1,2,716.1
19.0,4,20.4,94.0,0.7,87.0,63.0,0.21,0,1,0,1,2,663.9
16.0,4,26.3,71.0,0.2,71.0,34.0,0.65,0,0,0,1,2,492.1
18.0,2,31.5,81.0,7.9,66.0,94.0,0.29,0,1,0,1,3,745.3
23.0,0,27.9,45.0,0.0,59.0,51.0,0.0,0,0,0,1,3,541.9
22.0,0,21.2,63.0,1.9,76.0,84.0,0.13,0,0,0,1,1,710.6
15.0,6,32.4,81.0,5.5,85.0,61.0,0.75,0,0,1,0,1,643.6
15.0,4,24.4,46.0,0.0,93.0,53.0,0.46,0,0,0,1,2,632.0
6.0,1,22.7,54.0,5.1,99.0,56.0,0.35,1,0,0,1,2,668.1
22.0,5,26.3,65.0,0.0,68.0,35.0,0.1,0,0,1,0,2,499.3
17.0,3,33.2,60.0,8.2,68.0,25.0,0.17,0,1,0,1,1,443.5
22.0,0,23.9,63.0,0.0,62.0,88.0,0.05,0,0,0,1,1,678.8
17.0,5,22.6,41.0,0.0,53.0,87.0,0.13,0,1,1,0,1,656.8
7.0,0,19.7,56.0,2.5,50.0,90.0,0.57,1,0,0,1,1,661.1
5.0,3,29.1,91.0,7.1,98.0,56.0,0.13,0,0,0,1,1,650.9
20.0,0,33.4,40.0,0.9,61.0,73.0,0.29,0,1,0,1,0,715.3
5.0,0,35.0,60.0,3.8,52.0,21.0,0.12,0,0,0,1,2,388.5
19.0,0,33.8,56.0,0.0,58.0,84.0,0.2,0,1,0,1,3,740.7
6.0,6,19.9,45.0,2.1,50.0,63.0,0.4,1,0,1,0,1,533.2
18.0,5,30.9,46.0,0.0,77.0,85.0,0.16,0,1,1,0,3,769.7
12.0,5,19.6,43.0,0.0,66.0,69.0,0.24,0,0,1,0,0,655.0
8.0,2,23.1,81.0,0.0,94.0,50.0,0.04,1,0,0,1,2,627.4
3.0,3,23.2,60.0,0.0,94.0,35.0,0.16,0,0,0,1,2,540.3
9.0,2,28.4,49.0,8.5,97.0,67.0,0.31,1,0,0,1,3,721.4
17.0,3,30.9,86.0,1.2,93.0,30.0,0.31,0,1,0,1,1,545.1
16.0,5,24.2,93.0,1.4,86.0,88.0,0.1,0,0,1,0,1,746.5
10.0,6,26.8,42.0,0.0,55.0,85.0,0.37,0,0,1,0,3,649.7
1.0,3,20.2,61.0,1.3,93.0,59.0,0.06,0,0,0,1,3,653.9
12.0,2,31.9,82.0,3.4,72.0,28.0,0.54,0,0,0,1,3,473.9
1.0,0,34.8,65.0,8.0,99.0,73.0,0.03,0,0,0,1,1,751.8
12.0,3,32.8,93.0,1.5,91.0,64.0,0.12,0,0,0,1,1,685.6
17.0,3,27.0,81.0,12.4,69.0,79.0,0.39,0,1,0,1,0,678.1
17.0,3,27.0,87.0,3.7,67.0,44.0,0.55,0,1,0,1,1,521.2
23.0,6,19.9,86.0,0.0,65.0,46.0,0.01,0,0,1,0,0,534.9
19.0,0,25.6,78.0,2.5,75.0,76.0,0.1,0,1,0,1,0,741.3
6.0,6,32.7,38.0,13.1,96.0,93.0,0.16,1,0,1,0,1,837.7
19.0,6,29.4,55.0,3.8,76.0,58.0,0.11,0,1,1,0,1,675.7
17.0,4,33.0,93.0,6.4,53.0,64.0,0.55,0,1,0,1,3,561.7
21.0,3,31.4,55.0,1.3,74.0,43.0,0.19,0,0,0,1,2,577.3
15.0,1,32.4,54.0,4.7,53.0,91.0,0.31,0,0,0,1,3,676.0
13.0,4,27.0,59.0,3.2,78.0,67.0,0.08,0,0,0,1,0,691.8
23.0,6,21.2,52.0,0.0,54.0,44.0,0.07,0,0,1,0,0,526.2
18.0,5,29.4,48.0,0.0,69.0,21.0,0.11,0,1,1,0,2,486.0
6.0,5,20.0,83.0,0.0,75.0,50.0,0.28,1,0,1,0,1,558.4
9.0,3,25.9,76.0,0.5,79.0,32.0,0.6,1,0,0,1,3,526.5
23.0,3,30.9,55.0,7.1,52.0,92.0,0.07,0,0,0,1,3,673.2
23.0,1,18.3,70.0,9.0,68.0,39.0,0.02,0,0,0,1,3,475.6
7.0,3,27.7,50.0,0.0,66.0,82.0,0.56,1,0,0,1,2,688.1
20.0,5,26.3,45.0,2.5,96.0,89.0,0.16,0,1,1,0,1,835.0
17.0,5,34.3,68.0,12.5,98.0,20.0,0.24,0,1,1,0,0,556.3
20.0,1,19.2,44.0,8.9,53.0,81.0,0.22,0,1,0,1,2,642.7
0.0,0,27.0,61.0,9.1,84.0,56.0,0.0,0,0,0,1,2,607.7
22.0,5,25.3,95.0,5.0,83.0,39.0,0.04,0,0,1,0,0,567.5
19.0,4,22.3,57.0,2.5,75.0,78.0,0.24,0,1,0,1,2,714.4
22.0,1,23.1,87.0,7.2,55.0,71.0,0.06,0,0,0,1,0,599.2
17.0,3,19.0,35.0,2.4,91.0,62.0,0.33,0,1,0,1,3,658.3
3.0,4,33.6,49.0,5.4,67.0,25.0,0.23,0,0,0,1,3,477.7
21.0,2,33.3,71.0,1.3,51.0,46.0,0.15,0,0,0,1,2,521.8
22.0,6,24.8,39.0,1.0,93.0,89.0,0.06,0,0,1,0,3,801.4
23.0,1,31.4,79.0,2.0,53.0,32.0,0.04,0,0,0,1,2,420.3
2.0,2,28.3,74.0,7.8,51.0,54.0,0.13,0,0,0,1,2,495.1
14.0,3,21.9,70.0,8.0,55.0,57.0,0.67,0,0,0,1,3,508.7
22.0,0,19.4,44.0,0.0,97.0,69.0,0.05,0,0,0,1,1,727.0
3.0,0,18.1,54.0,0.0,58.0,31.0,0.05,0,0,0,1,0,476.5
14.0,4,27.4,61.0,4.7,88.0,61.0,0.72,0,0,0,1,0,682.6
0.0,2,25.0,84.0,12.3,86.0,86.0,0.0,0,0,0,1,1,738.7
12.0,1,20.4,54.0,2.7,77.0,55.0,0.42,0,0,0,1,1,594.3
15.0,6,19.3,51.0,10.5,88.0,45.0,0.34,0,0,1,0,3,562.0
4.0,2,18.1,60.0,0.0,78.0,62.0,0.14,0,0,0,1,2,616.8
20.0,4,20.3,55.0,0.0,70.0,42.0,0.32,0,1,0,1,3,549.4
10.0,2,30.5,75.0,0.0,70.0,68.0,0.23,0,0,0,1,1,640.1
12.0,2,19.9,71.0,8.3,93.0,90.0,0.03,0,0,0,1,1,793.6
23.0,3,34.0,48.0,0.0,100.0,72.0,0.06,0,0,0,1,0,798.4
4.0,5,23.1,51.0,0.0,54.0,77.0,0.33,0,0,1,0,3,605.2
15.0,4,24.8,67.0,11.9,84.0,24.0,0.59,0,0,0,1,3,461.6
11.0,5,33.2,69.0,0.0,99.0,51.0,0.6,0,0,1,0,0,680.9
11.0,1,29.0,37.0,0.0,98.0,62.0,0.89,0,0,0,1,3,692.4
13.0,0,18.2,51.0,4.5,78.0,67.0,0.36,0,0,0,1,1,648.9
21.0,4,29.7,44.0,2.4,68.0,73.0,0.23,0,0,0,1,0,732.2
2.0,0,32.1,81.0,5.7,100.0,46.0,0.09,0,0,0,1,3,636.3
11.0,3,19.7,81.0,1.6,52.0,34.0,0.02,0,0,0,1,2,404.7
10.0,5,19.9,86.0,10.4,83.0,42.0,0.46,0,0,1,0,1,549.6
10.0,4,25.2,64.0,3.6,61.0,75.0,0.33,0,0,0,1,1,635.5
23.0,4,33.0,63.0,0.0,63.0,55.0,0.06,0,0,0,1,1,574.6
2.0,4,19.7,90.0,0.0,79.0,34.0,0.04,0,0,0,1,1,504.0
15.0,4,34.4,55.0,0.0,72.0,65.0,0.63,0,0,0,1,0,667.1
19.0,1,31.8,80.0,6.5,93.0,37.0,0.13,0,1,0,1,0,629.9
7.0,2,20.0,58.0,0.9,88.0,37.0,0.34,1,0,0,1,3,558.4
13.0,1,26.3,69.0,0.5,85.0,41.0,0.45,0,0,0,1,1,555.7
4.0,1,23.3,63.0,0.0,81.0,37.0,0.07,0,0,0,1,0,560.4
12.0,4,26.6,66.0,0.0,81.0,41.0,0.08,0,0,0,1,3,562.6
0.0,6,30.9,53.0,6.5,60.0,78.0,0.0,0,0,1,0,2,639.0
15.0,4,26.7,71.0,9.5,84.0,25.0,0.57,0,0,0,1,2,478.3
14.0,4,21.7,62.0,10.5,69.0,24.0,0.37,0,0,0,1,1,439.3
11.0,6,31.9,63.0,4.7,63.0,95.0,0.63,0,0,1,0,1,718.1
22.0,4,28.8,45.0,0.0,53.0,92.0,0.06,0,0,0,1,1,686.4
8.0,4,27.2,55.0,7.1,82.0,32.0,0.09,1,0,0,1,2,528.5
13.0,0,34.9,90.0,0.0,65.0,38.0,0.65,0,0,0,1,1,490.7
7.0,6,32.3,60.0,0.0,90.0,73.0,0.22,1,0,1,0,2,735.0
2.0,5,31.5,84.0,8.0,94.0,67.0,0.08,0,0,1,0,2,686.5
15.0,2,27.9,90.0,4.2,90.0,65.0,0.64,0,0,0,1,3,646.1
17.0,3,21.7,62.0,5.6,68.0,63.0,0.32,0,1,0,1,2,568.1
4.0,4,32.5,85.0,0.0,52.0,32.0,0.21,0,0,0,1,0,481.9
14.0,0,20.1,89.0,6.0,62.0,36.0,0.74,0,0,0,1,3,446.9
9.0,1,32.9,91.0,1.9,55.0,67.0,0.5,1,0,0,1,2,598.6
20.0,1,18.9,75.0,0.4,77.0,31.0,0.23,0,1,0,1,1,540.4
0.0,1,26.1,43.0,0.0,50.0,21.0,0.0,0,0,0,1,3,388.6
3.0,6,25.2,43.0,0.0,96.0,33.0,0.03,0,0,1,0,0,613.6
11.0,2,20.3,84.0,6.9,54.0,87.0,0.52,0,0,0,1,1,613.8
19.0,5,20.8,57.0,1.8,76.0,76.0,0.36,0,1,1,0,1,701.6
2.0,0,20.4,42.0,0.0,70.0,37.0,0.04,0,0,0,1,3,502.2
20.0,0,22.2,73.0,0.0,92.0,58.0,0.07,0,1,0,1,0,715.7
19.0,4,21.2,60.0,2.5,81.0,69.0,0.05,0,1,0,1,1,705.5
15.0,5,28.1,68.0,3.6,70.0,36.0,0.29,0,0,1,0,2,487.4
18.0,3,24.2,78.0,5.6,51.0,95.0,0.03,0,1,0,1,0,749.3
8.0,1,18.7,38.0,7.8,90.0,84.0,0.51,1,0,0,1,2,741.3
13.0,5,24.8,75.0,0.0,55.0,59.0,0.07,0,0,1,0,2,532.0
6.0,6,20.6,55.0,0.0,69.0,75.0,0.36,1,0,1,0,0,688.0
7.0,0,22.2,94.0,0.0,69.0,42.0,0.07,1,0,0,1,0,564.3
22.0,1,29.9,45.0,0.0,60.0,67.0,0.02,0,0,0,1,2,604.7
8.0,5,33.1,84.0,6.7,67.0,87.0,0.04,1,0,1,0,3,711.7
22.0,4,28.7,66.0,0.0,86.0,41.0,0.06,0,0,0,1,3,579.2
8.0,6,19.7,71.0,1.9,52.0,21.0,0.16,1,0,1,0,0,422.2
15.0,2,24.5,44.0,8.5,85.0,73.0,0.17,0,0,0,1,0,741.4
7.0,3,33.6,55.0,2.7,57.0,84.0,0.39,1,0,0,1,2,680.5
1.0,1,21.8,68.0,15.3,79.0,56.0,0.06,0,0,0,1,0,611.2
9.0,2,19.5,64.0,6.3,97.0,51.0,0.35,1,0,0,1,2,629.0
18.0,3,35.0,84.0,6.6,59.0,20.0,0.47,0,1,0,1,1,462.6
0.0,1,27.2,75.0,8.5,50.0,68.0,0.0,0,0,0,1,2,534.8
23.0,2,19.8,68.0,8.2,59.0,55.0,0.01,0,0,0,1,0,556.1
7.0,6,26.8,79.0,7.4,87.0,32.0,0.29,1,0,1,0,0,570.1
20.0,6,24.7,72.0,0.0,65.0,57.0,0.09,0,1,1,0,1,608.7
10.0,6,24.7,88.0,2.6,64.0,29.0,0.79,0,0,1,0,2,414.5
4.0,6,31.1,41.0,4.7,70.0,72.0,0.04,0,0,1,0,3,665.1
11.0,6,21.5,54.0,0.0,60.0,58.0,0.76,0,0,1,0,0,585.6
22.0,4,18.7,88.0,4.8,72.0,70.0,0.09,0,0,0,1,1,616.1
21.0,2,22.4,46.0,8.0,85.0,90.0,0.06,0,0,0,1,3,795.1
14.0,0,31.7,43.0,4.3,58.0,45.0,0.69,0,0,0,1,1,515.4
11.0,5,28.7,76.0,8.7,51.0,28.0,0.18,0,0,1,0,0,441.6
20.0,3,31.8,40.0,10.8,57.0,25.0,0.31,0,1,0,1,2,444.3
1.0,1,33.7,62.0,5.2,74.0,74.0,0.01,0,0,0,1,0,705.4
6.0,1,22.7,63.0,4.0,91.0,57.0,0.25,1,0,0,1,1,640.0
17.0,3,19.0,52.0,0.0,90.0,89.0,0.46,0,1,0,1,1,771.9
12.0,6,30.1,65.0,3.3,74.0,54.0,0.18,0,0,1,0,2,582.0
10.0,4,21.7,92.0,4.5,83.0,65.0,0.64,0,0,0,1,3,618.2
7.0,1,19.7,77.0,3.3,98.0,48.0,0.34,1,0,0,1,0,674.4
12.0,2,33.9,89.0,4.7,97.0,65.0,0.91,0,0,0,1,2,682.7
0.0,5,29.9,95.0,0.5,81.0,89.0,0.0,0,0,1,0,1,748.2
15.0,0,19.5,49.0,2.2,50.0,62.0,0.69,0,0,0,1,3,527.8
6.0,6,20.2,80.0,7.0,53.0,22.0,0.07,1,0,1,0,2,371.8
22.0,1,31.2,89.0,0.0,73.0,70.0,0.1,0,0,0,1,0,683.0
10.0,2,23.5,45.0,2.4,91.0,60.0,0.15,0,0,0,1,3,652.6
17.0,5,33.1,74.0,3.8,74.0,59.0,0.43,0,1,1,0,1,606.9
9.0,1,21.0,35.0,14.6,99.0,92.0,0.02,1,0,0,1,3,809.6
19.0,2,33.7,74.0,4.2,59.0,62.0,0.31,0,1,0,1,3,627.0
7.0,2,34.7,45.0,0.0,78.0,21.0,0.15,1,0,0,1,2,486.6
7.0,5,19.2,51.0,4.8,74.0,76.0,0.43,1,0,1,0,0,697.9
5.0,3,26.4,59.0,0.1,100.0,93.0,0.27,0,0,0,1,3,828.2
21.0,1,20.8,39.0,3.4,70.0,53.0,0.24,0,0,0,1,0,637.3
2.0,2,20.9,59.0,4.0,71.0,81.0,0.12,0,0,0,1,0,710.1
13.0,5,20.8,91.0,1.5,63.0,44.0,0.38,0,0,1,0,2,478.3
17.0,5,33.7,69.0,2.6,56.0,26.0,0.23,0,1,1,0,1,440.9
17.0,6,26.3,38.0,0.0,92.0,81.0,0.12,0,1,1,0,2,757.1
0.0,1,20.9,53.0,8.6,69.0,70.0,0.0,0,0,0,1,0,653.4
21.0,2,19.5,69.0,0.0,73.0,43.0,0.11,0,0,0,1,3,570.8
8.0,3,25.9,49.0,6.4,98.0,32.0,0.06,1,0,0,1,1,584.9
11.0,6,27.2,83.0,0.0,83.0,73.0,0.89,0,0,1,0,3,668.4
21.0,6,33.9,71.0,7.2,75.0,24.0,0.13,0,0,1,0,0,541.5
16.0,6,27.7,74.0,10.3,61.0,41.0,0.65,0,0,1,0,3,488.2
6.0,1,18.7,40.0,8.3,88.0,53.0,0.16,1,0,0,1,1,611.9
23.0,6,19.1,59.0,0.0,83.0,78.0,0.08,0,0,1,0,2,685.9
0.0,6,29.9,72.0,0.0,59.0,38.0,0.0,0,0,1,0,3,483.8
18.0,6,34.4,41.0,8.7,100.0,56.0,0.43,0,1,1,0,0,752.2
11.0,3,22.5,76.0,0.0,61.0,55.0,0.37,0,0,0,1,0,573.0
19.0,4,29.6,60.0,13.2,94.0,50.0,0.02,0,1,0,1,2,656.2
15.0,2,33.2,36.0,0.0,67.0,82.0,0.64,0,0,0,1,2,698.5
21.0,0,34.5,49.0,12.0,99.0,61.0,0.07,0,0,0,1,3,752.5
13.0,4,29.0,47.0,0.0,97.0,82.0,0.7,0,0,0,1,3,779.0
11.0,6,19.0,85.0,5.3,58.0,87.0,0.81,0,0,1,0,3,636.7
0.0,1,21.3,88.0,3.5,79.0,26.0,0.0,0,0,0,1,0,505.8
22.0,1,22.7,87.0,0.0,93.0,23.0,0.04,0,0,0,1,0,542.8
15.0,4,25.6,90.0,0.0,60.0,53.0,0.56,0,0,0,1,2,515.4
22.0,0,22.8,59.0,12.3,64.0,48.0,0.11,0,0,0,1,1,520.7
8.0,5,25.0,36.0,11.6,80.0,36.0,0.43,1,0,1,0,0,560.0
19.0,6,18.1,51.0,0.0,77.0,68.0,0.35,0,1,1,0,2,656.5
14.0,2,21.7,54.0,0.0,87.0,33.0,0.01,0,0,0,1,3,526.3
21.0,6,32.3,70.0,0.0,93.0,33.0,0.12,0,0,1,0,2,592.0
10.0,2,28.9,90.0,1.8,62.0,39.0,0.43,0,0,0,1,2,481.2
7.0,0,31.7,86.0,4.9,93.0,37.0,0.42,1,0,0,1,2,569.8
20.0,3,35.0,51.0,7.2,87.0,93.0,0.27,0,1,0,1,0,863.3
10.0,5,30.1,78.0,0.0,82.0,58.0,0.7,0,0,1,0,2,608.5
21.0,4,21.1,41.0,0.0,93.0,62.0,0.16,0,0,0,1,1,722.8
7.0,2,21.8,90.0,0.0,73.0,53.0,0.34,1,0,0,1,2,581.7
14.0,6,20.0,38.0,7.4,80.0,44.0,0.42,0,0,1,0,0,575.5
21.0,3,27.0,61.0,12.3,62.0,63.0,0.1,0,0,0,1,1,622.9
18.0,3,20.4,90.0,1.1,71.0,42.0,0.16,0,1,0,1,3,533.2
1.0,0,25.7,48.0,3.2,81.0,31.0,0.01,0,0,0,1,1,519.4
13.0,5,25.3,62.0,7.8,84.0,45.0,0.67,0,0,1,0,0,594.3
0.0,2,30.9,68.0,5.7,64.0,64.0,0.0,0,0,0,1,1,615.2
3.0,3,26.6,54.0,7.6,68.0,78.0,0.18,0,0,0,1,2,661.4
19.0,4,23.7,91.0,2.0,72.0,44.0,0.07,0,1,0,1,3,560.0
12.0,0,21.9,81.0,6.4,87.0,84.0,0.17,0,0,0,1,0,755.7
11.0,5,29.1,37.0,0.0,88.0,26.0,0.61,0,0,1,0,0,570.3
20.0,6,18.3,79.0,7.0,85.0,52.0,0.16,0,1,1,0,0,660.9
4.0,1,29.8,75.0,8.2,92.0,86.0,0.09,0,0,0,1,0,796.4
19.0,5,20.3,88.0,7.8,68.0,34.0,0.33,0,1,1,0,0,523.1
15.0,1,28.4,84.0,2.5,72.0,72.0,0.22,0,0,0,1,1,659.9
1.0,4,26.4,48.0,0.8,50.0,21.0,0.06,0,0,0,1,1,387.0
3.0,6,27.8,66.0,4.3,96.0,32.0,0.23,0,0,1,0,0,598.1
20.0,1,25.8,53.0,2.9,52.0,57.0,0.12,0,1,0,1,1,580.8
21.0,2,25.2,42.0,10.0,50.0,37.0,0.17,0,0,0,1,0,521.6
5.0,2,24.1,63.0,6.8,73.0,63.0,0.08,0,0,0,1,0,640.8
12.0,3,34.4,52.0,6.9,76.0,41.0,0.11,0,0,0,1,3,542.5
22.0,5,19.0,95.0,4.3,86.0,76.0,0.03,0,0,1,0,3,677.0
12.0,6,24.1,36.0,9.7,80.0,82.0,0.11,0,0,1,0,1,703.1
13.0,3,18.8,51.0,2.6,92.0,63.0,0.48,0,0,0,1,1,663.1
22.0,5,28.5,62.0,1.0,92.0,69.0,0.02,0,0,1,0,2,692.3
17.0,4,18.9,76.0,8.4,81.0,41.0,0.04,0,1,0,1,3,522.4
15.0,2,22.1,52.0,6.4,75.0,50.0,0.06,0,0,0,1,3,564.7
14.0,6,27.7,40.0,6.4,81.0,22.0,0.09,0,0,1,0,0,512.6
13.0,0,27.5,35.0,7.1,82.0,91.0,0.19,0,0,0,1,2,739.9
21.0,3,34.2,58.0,7.2,71.0,91.0,0.19,0,0,0,1,3,760.4
19.0,3,30.2,58.0,2.5,50.0,63.0,0.15,0,1,0,1,1,599.4
20.0,6,23.0,68.0,1.3,81.0,37.0,0.27,0,1,1,0,1,576.5
23.0,5,25.0,51.0,0.5,63.0,78.0,0.07,0,0,1,0,3,650.5
6.0,5,23.7,83.0,0.0,99.0,77.0,0.23,1,0,1,0,0,785.1
18.0,4,20.3,66.0,11.2,87.0,81.0,0.46,0,1,0,1,3,740.9
5.0,5,27.8,81.0,3.9,82.0,69.0,0.17,0,0,1,0,2,648.4
19.0,5,31.0,52.0,0.0,78.0,37.0,0.06,0,1,1,0,2,581.7
19.0,5,33.1,67.0,0.6,95.0,90.0,0.26,0,1,1,0,2,846.5
6.0,1,28.6,53.0,0.0,95.0,42.0,0.25,1,0,0,1,1,598.6
22.0,5,23.5,42.0,3.4,93.0,88.0,0.18,0,0,1,0,3,770.1
13.0,6,18.2,41.0,5.8,62.0,54.0,0.69,0,0,1,0,0,563.7
5.0,2,29.6,44.0,7.1,63.0,89.0,0.01,0,0,0,1,2,680.4
14.0,0,28.5,78.0,2.3,65.0,85.0,0.65,0,0,0,1,3,656.6
22.0,2,29.8,38.0,7.4,85.0,26.0,0.0,0,0,0,1,2,503.8
8.0,1,28.5,84.0,6.5,90.0,67.0,0.5,1,0,0,1,1,687.5
17.0,5,28.3,84.0,2.5,61.0,29.0,0.11,0,1,1,0,3,436.4
5.0,5,26.7,59.0,6.9,58.0,40.0,0.24,0,0,1,0,2,466.5
8.0,0,23.6,80.0,4.3,88.0,26.0,0.52,1,0,0,1,2,503.1
20.0,4,32.3,54.0,0.0,54.0,60.0,0.18,0,1,0,1,2,597.9
5.0,4,19.2,67.0,6.4,55.0,64.0,0.09,0,0,0,1,3,555.1
6.0,5,23.6,58.0,0.0,85.0,21.0,0.06,1,0,1,0,3,506.0
11.0,3,22.1,76.0,0.0,93.0,61.0,0.35,0,0,0,1,0,684.2
3.0,3,22.4,81.0,0.7,82.0,85.0,0.11,0,0,0,1,2,727.9
1.0,2,33.3,47.0,2.1,60.0,88.0,0.04,0,0,0,1,0,739.0
20.0,0,21.6,75.0,4.5,56.0,46.0,0.18,0,1,0,1,3,504.9
22.0,5,31.2,76.0,3.8,51.0,78.0,0.12,0,0,1,0,1,616.7
1.0,0,19.2,46.0,4.8,66.0,72.0,0.03,0,0,0,1,1,618.5
20.0,3,25.4,36.0,1.1,91.0,28.0,0.25,0,1,0,1,0,618.6
18.0,0,29.9,39.0,0.0,100.0,58.0,0.3,0,1,0,1,2,734.1
9.0,6,33.8,59.0,0.0,60.0,88.0,0.16,1,0,1,0,3,725.8
23.0,3,31.5,89.0,0.0,69.0,67.0,0.08,0,0,0,1,1,625.4
0.0,4,32.9,44.0,3.4,84.0,90.0,0.0,0,0,0,1,3,780.7
9.0,1,30.7,92.0,2.5,60.0,43.0,0.17,1,0,0,1,1,514.8
8.0,1,19.9,77.0,6.0,91.0,90.0,0.05,1,0,0,1,3,762.4
21.0,0,22.3,47.0,2.1,72.0,36.0,0.17,0,0,0,1,2,526.0
7.0,0,22.8,39.0,6.5,71.0,59.0,0.4,1,0,0,1,3,604.1
4.0,4,27.6,86.0,0.9,70.0,51.0,0.26,0,0,0,1,0,597.3
22.0,5,28.9,52.0,4.4,80.0,79.0,0.07,0,0,1,0,2,696.7
9.0,3,27.4,46.0,1.7,58.0,88.0,0.15,1,0,0,1,2,690.0
23.0,5,19.3,39.0,10.6,87.0,94.0,0.03,0,0,1,0,0,793.9
18.0,1,33.4,70.0,2.3,91.0,39.0,0.18,0,1,0,1,3,643.6
7.0,6,28.0,89.0,1.6,75.0,66.0,0.29,1,0,1,0,0,691.3
21.0,1,32.4,86.0,10.5,78.0,40.0,0.04,0,0,0,1,1,576.7
18.0,5,32.8,44.0,2.5,52.0,48.0,0.38,0,1,1,0,2,532.4
7.0,0,22.5,49.0,6.3,74.0,80.0,0.54,1,0,0,1,2,686.3
1.0,0,34.7,55.0,13.5,97.0,53.0,0.05,0,0,0,1,2,657.1
18.0,1,24.4,59.0,0.0,83.0,52.0,0.19,0,1,0,1,0,688.1
7.0,4,24.9,87.0,6.9,88.0,20.0,0.29,1,0,0,1,3,482.5
4.0,3,20.8,39.0,0.0,61.0,40.0,0.12,0,0,0,1,1,496.6
22.0,6,20.0,49.0,0.0,80.0,81.0,0.08,0,0,1,0,0,746.9
18.0,1,29.0,61.0,4.5,58.0,85.0,0.02,0,1,0,1,1,710.9
18.0,1,19.0,51.0,8.3,88.0,92.0,0.32,0,1,0,1,3,792.8
23.0,5,29.2,53.0,6.3,80.0,41.0,0.02,0,0,1,0,3,554.6
13.0,4,20.4,72.0,4.4,60.0,63.0,0.85,0,0,0,1,2,535.1
19.0,4,19.2,59.0,1.2,83.0,84.0,0.29,0,1,0,1,1,766.2
4.0,4,19.6,65.0,8.5,55.0,81.0,0.22,0,0,0,1,0,639.9
19.0,4,32.1,92.0,10.0,83.0,73.0,0.15,0,1,0,1,3,711.6
1.0,5,27.0,49.0,8.3,72.0,95.0,0.07,0,0,1,0,3,738.4
22.0,4,19.7,43.0,2.8,68.0,89.0,0.07,0,0,0,1,0,750.6
6.0,0,30.1,85.0,9.1,74.0,46.0,0.34,1,0,0,1,0,573.9
10.0,3,24.2,44.0,0.0,84.0,74.0,0.47,0,0,0,1,2,691.5
19.0,2,34.9,60.0,3.2,61.0,67.0,0.23,0,1,0,1,3,645.3
15.0,2,34.8,71.0,0.0,92.0,35.0,0.56,0,0,0,1,1,589.2
14.0,6,29.9,45.0,7.8,85.0,26.0,0.13,0,0,1,0,2,507.8
20.0,0,31.7,87.0,10.0,55.0,28.0,0.09,0,1,0,1,3,468.7
11.0,0,28.4,81.0,0.0,95.0,27.0,0.87,0,0,0,1,2,534.7
5.0,5,26.4,35.0,5.2,62.0,24.0,0.33,0,0,1,0,2,434.2
16.0,4,29.9,74.0,3.7,91.0,20.0,0.65,0,0,0,1,1,499.8
2.0,2,31.3,57.0,0.5,83.0,21.0,0.12,0,0,0,1,1,493.1
2.0,0,27.3,81.0,8.3,72.0,55.0,0.04,0,0,0,1,2,544.6
6.0,3,33.8,71.0,6.1,85.0,29.0,0.25,1,0,0,1,0,557.4
10.0,0,31.7,51.0,9.5,94.0,76.0,0.81,0,0,0,1,2,707.3
18.0,3,31.1,83.0,0.0,87.0,23.0,0.24,0,1,0,1,3,555.1
8.0,0,24.5,85.0,10.5,70.0,72.0,0.64,1,0,0,1,1,637.2
16.0,4,18.2,88.0,2.7,93.0,63.0,0.05,0,0,0,1,3,659.0
5.0,3,23.3,48.0,6.1,81.0,45.0,0.1,0,0,0,1,1,565.8
7.0,6,22.5,49.0,4.1,59.0,33.0,0.07,1,0,1,0,2,468.0
2.0,5,34.2,66.0,0.0,80.0,67.0,0.1,0,0,1,0,0,699.6
15.0,4,32.8,66.0,6.5,75.0,48.0,0.56,0,0,0,1,2,565.5
4.0,0,26.9,62.0,0.0,75.0,42.0,0.15,0,0,0,1,2,536.1
3.0,5,26.8,55.0,2.7,74.0,94.0,0.03,0,0,1,0,1,754.0
11.0,4,32.7,46.0,0.0,89.0,63.0,0.34,0,0,0,1,3,684.1
15.0,3,21.6,79.0,3.1,67.0,77.0,0.13,0,0,0,1,3,631.4
4.0,4,29.7,87.0,6.2,85.0,75.0,0.29,0,0,0,1,1,699.7
6.0,1,31.6,82.0,8.3,76.0,83.0,0.07,1,0,0,1,1,718.6
20.0,4,27.1,55.0,3.9,75.0,32.0,0.23,0,1,0,1,0,569.3
1.0,1,31.8,65.0,4.2,66.0,66.0,0.03,0,0,0,1,2,604.8
17.0,6,22.4,36.0,0.0,86.0,93.0,0.38,0,1,1,0,1,788.6
17.0,1,34.6,53.0,0.0,99.0,77.0,0.52,0,1,0,1,3,779.6
12.0,4,22.9,75.0,12.7,76.0,93.0,0.4,0,0,0,1,2,701.4
2.0,0,20.8,49.0,0.2,88.0,70.0,0.18,0,0,0,1,2,690.7
14.0,6,32.7,58.0,2.9,76.0,41.0,0.15,0,0,1,0,3,542.9
0.0,1,30.4,77.0,2.9,63.0,41.0,0.0,0,0,0,1,0,551.9
3.0,0,33.9,65.0,1.9,83.0,30.0,0.03,0,0,0,1,3,531.9
19.0,1,19.4,94.0,6.2,97.0,56.0,0.18,0,1,0,1,1,669.7
4.0,1,27.0,45.0,10.3,80.0,79.0,0.32,0,0,0,1,2,688.9
17.0,2,27.3,43.0,10.6,87.0,78.0,0.37,0,1,0,1,1,716.6
20.0,4,25.4,75.0,0.2,80.0,89.0,0.08,0,1,0,1,2,765.0
2.0,3,23.2,61.0,2.7,83.0,37.0,0.06,0,0,0,1,0,580.8
15.0,4,18.1,94.0,0.0,50.0,75.0,0.6,0,0,0,1,2,555.3
19.0,1,31.5,70.0,0.0,75.0,51.0,0.07,0,1,0,1,3,633.8
23.0,5,24.6,59.0,3.4,83.0,54.0,0.02,0,0,1,0,1,618.4
23.0,4,31.7,61.0,3.7,68.0,34.0,0.05,0,0,0,1,1,505.5
19.0,3,22.6,74.0,0.0,53.0,88.0,0.01,0,1,0,1,1,696.8
3.0,2,22.6,80.0,2.4,59.0,21.0,0.12,0,0,0,1,0,429.2
10.0,3,23.3,86.0,0.0,71.0,30.0,0.7,0,0,0,1,0,494.8
4.0,0,22.5,60.0,8.1,66.0,68.0,0.28,0,0,0,1,1,608.6
3.0,6,30.1,59.0,3.7,62.0,78.0,0.18,0,0,1,0,0,677.8
3.0,4,29.3,48.0,0.0,70.0,40.0,0.16,0,0,0,1,2,524.1
1.0,5,33.9,68.0,7.1,62.0,66.0,0.07,0,0,1,0,2,600.3
21.0,1,34.5,50.0,0.0,100.0,55.0,0.15,0,0,0,1,1,731.5
12.0,6,22.1,37.0,0.0,73.0,31.0,0.25,0,0,1,0,1,492.7
15.0,0,29.7,56.0,18.4,53.0,65.0,0.48,0,0,0,1,0,569.7
22.0,4,31.5,43.0,0.0,78.0,44.0,0.0,0,0,0,1,2,571.3
12.0,2,30.3,51.0,7.6,85.0,57.0,0.54,0,0,0,1,3,623.2
15.0,1,27.6,69.0,0.0,88.0,90.0,0.12,0,0,0,1,2,775.4
16.0,1,25.6,87.0,2.6,99.0,84.0,0.25,0,0,0,1,0,809.4
5.0,0,28.5,58.0,3.6,92.0,88.0,0.34,0,0,0,1,0,805.5
6.0,4,29.6,84.0,0.0,76.0,61.0,0.06,1,0,0,1,2,608.2
16.0,5,19.1,88.0,5.9,62.0,33.0,0.32,0,0,1,0,0,465.4
3.0,0,27.7,88.0,0.0,53.0,66.0,0.06,0,0,0,1,2,563.3
22.0,0,18.2,93.0,4.5,79.0,27.0,0.06,0,0,0,1,0,505.5
23.0,3,32.0,85.0,0.6,83.0,25.0,0.06,0,0,0,1,2,477.8
9.0,0,34.1,68.0,9.6,62.0,44.0,0.39,1,0,0,1,3,535.1
7.0,4,28.6,46.0,0.0,99.0,93.0,0.21,1,0,0,1,0,881.0
14.0,5,29.3,91.0,10.0,82.0,63.0,0.55,0,0,1,0,3,630.6
17.0,4,25.5,57.0,8.2,73.0,72.0,0.45,0,1,0,1,2,625.3
13.0,6,30.3,73.0,3.4,99.0,90.0,0.85,0,0,1,0,3,805.6
8.0,2,34.3,63.0,3.1,68.0,22.0,0.35,1,0,0,1,0,505.5
9.0,0,23.1,49.0,4.0,85.0,85.0,0.42,1,0,0,1,2,751.1
18.0,1,19.6,64.0,1.3,87.0,51.0,0.12,0,1,0,1,2,633.3
9.0,0,27.7,71.0,10.1,100.0,81.0,0.13,1,0,0,1,2,762.5
22.0,5,27.8,93.0,8.9,96.0,93.0,0.06,0,0,1,0,0,830.6
1.0,6,23.7,91.0,5.1,99.0,49.0,0.06,0,0,1,0,0,647.9
19.0,0,28.8,75.0,0.0,70.0,89.0,0.24,0,1,0,1,0,794.6
10.0,4,29.9,44.0,10.7,78.0,93.0,0.42,0,0,0,1,3,754.9
7.0,3,22.9,60.0,5.7,86.0,26.0,0.32,1,0,0,1,3,521.3
8.0,0,24.8,62.0,3.4,80.0,91.0,0.13,1,0,0,1,1,767.6
12.0,5,27.7,70.0,0.0,65.0,29.0,0.27,0,0,1,0,1,455.7
13.0,2,29.6,71.0,9.3,73.0,64.0,0.17,0,0,0,1,3,620.7
11.0,4,29.1,84.0,0.0,89.0,38.0,0.4,0,0,0,1,3,584.9
7.0,1,29.7,44.0,3.5,97.0,26.0,0.14,1,0,0,1,0,593.8
19.0,1,32.8,87.0,1.9,69.0,77.0,0.2,0,1,0,1,0,747.1
10.0,1,30.6,48.0,4.7,85.0,81.0,0.52,0,0,0,1,2,730.5
4.0,5,29.9,36.0,0.0,66.0,41.0,0.02,0,0,1,0,0,579.3
6.0,6,29.8,52.0,9.9,54.0,69.0,0.33,1,0,1,0,0,620.8
21.0,6,33.5,58.0,3.6,64.0,68.0,0.13,0,0,1,0,3,664.3
22.0,0,33.4,66.0,7.1,62.0,84.0,0.16,0,0,0,1,1,672.0
17.0,5,18.4,50.0,6.8,75.0,40.0,0.01,0,1,1,0,3,513.2
21.0,2,24.0,54.0,4.2,53.0,52.0,0.22,0,0,0,1,2,560.9
0.0,4,34.1,49.0,9.2,55.0,68.0,0.0,0,0,0,1,1,615.7
21.0,4,32.8,78.0,3.5,77.0,59.0,0.23,0,0,0,1,1,668.6
10.0,3,27.2,48.0,0.0,58.0,59.0,0.57,0,0,0,1,1,558.0
16.0,1,25.3,93.0,5.8,70.0,28.0,0.37,0,0,0,1,1,450.5
23.0,0,21.1,88.0,8.9,76.0,72.0,0.03,0,0,0,1,2,615.4
23.0,6,33.2,94.0,2.8,56.0,36.0,0.02,0,0,1,0,1,461.7
19.0,4,22.5,71.0,0.0,93.0,23.0,0.15,0,1,0,1,1,548.4
22.0,6,26.1,67.0,6.2,61.0,69.0,0.08,0,0,1,0,2,581.5
4.0,1,21.3,37.0,0.0,76.0,48.0,0.25,0,0,0,1,2,570.5
6.0,6,21.5,46.0,16.1,94.0,61.0,0.43,1,0,1,0,3,634.7
7.0,3,24.9,37.0,0.0,75.0,93.0,0.35,1,0,0,1,2,752.4
16.0,5,32.9,85.0,5.3,52.0,51.0,0.35,0,0,1,0,3,504.5
12.0,5,18.7,59.0,0.0,62.0,57.0,0.44,0,0,1,0,0,580.1
9.0,6,32.1,64.0,5.1,94.0,86.0,0.68,1,0,1,0,0,832.5
14.0,6,29.0,40.0,2.6,75.0,72.0,0.27,0,0,1,0,1,673.2
0.0,1,25.7,92.0,2.2,55.0,52.0,0.0,0,0,0,1,3,504.1
20.0,5,31.5,80.0,2.8,90.0,66.0,0.03,0,1,1,0,3,721.9
22.0,3,30.4,67.0,0.8,52.0,41.0,0.15,0,0,0,1,3,472.5
18.0,6,29.2,44.0,4.5,76.0,59.0,0.15,0,1,1,0,0,699.6
14.0,2,28.6,42.0,13.2,89.0,52.0,0.01,0,0,0,1,0,643.3
15.0,6,26.5,86.0,13.3,63.0,95.0,0.49,0,0,1,0,1,690.9
14.0,3,25.5,73.0,0.0,89.0,91.0,0.68,0,0,0,1,2,754.1
6.0,0,21.1,38.0,2.2,92.0,93.0,0.42,1,0,0,1,0,823.6
9.0,2,33.6,38.0,15.3,93.0,56.0,0.46,1,0,0,1,1,691.3
22.0,5,28.1,85.0,0.0,52.0,31.0,0.13,0,0,1,0,2,407.3
10.0,2,33.3,87.0,7.8,68.0,80.0,0.11,0,0,0,1,0,705.9
22.0,6,22.7,68.0,0.1,89.0,27.0,0.02,0,0,1,0,1,525.6
23.0,5,27.0,40.0,0.0,77.0,60.0,0.02,0,0,1,0,2,625.0
18.0,4,24.0,43.0,0.0,81.0,43.0,0.44,0,1,0,1,3,598.0
7.0,5,22.9,47.0,4.1,97.0,46.0,0.47,1,0,1,0,0,668.8
13.0,3,18.8,57.0,0.0,90.0,45.0,0.63,0,0,0,1,0,611.1
8.0,6,19.2,54.0,0.0,57.0,62.0,0.23,1,0,1,0,0,612.1
23.0,4,28.5,36.0,4.6,93.0,81.0,0.08,0,0,0,1,2,747.9
1.0,5,20.3,44.0,0.0,79.0,72.0,0.08,0,0,1,0,2,649.7
1.0,6,26.9,71.0,2.3,63.0,93.0,0.06,0,0,1,0,0,735.2
11.0,0,34.5,52.0,5.5,90.0,88.0,0.77,0,0,0,1,3,769.3
18.0,4,24.6,73.0,9.5,95.0,60.0,0.35,0,1,0,1,2,689.9
8.0,3,19.5,91.0,3.4,63.0,87.0,0.2,1,0,0,1,2,675.2
3.0,2,31.3,84.0,3.7,80.0,84.0,0.04,0,0,0,1,0,762.2
10.0,3,30.5,68.0,1.4,83.0,36.0,0.17,0,0,0,1,0,588.8
1.0,3,24.6,90.0,2.6,93.0,31.0,0.03,0,0,0,1,0,571.7
1.0,0,26.8,77.0,3.0,90.0,46.0,0.03,0,0,0,1,2,585.1
6.0,2,22.7,55.0,4.1,59.0,40.0,0.14,1,0,0,1,2,455.3
0.0,4,27.5,41.0,4.3,67.0,38.0,0.0,0,0,0,1,2,507.3
9.0,4,22.2,39.0,0.0,53.0,36.0,0.02,1,0,0,1,3,492.1
21.0,0,19.8,38.0,7.3,89.0,65.0,0.08,0,0,0,1,3,708.4
6.0,5,30.9,86.0,0.0,86.0,36.0,0.05,1,0,1,0,3,549.1
22.0,3,19.7,54.0,0.0,80.0,49.0,0.16,0,0,0,1,3,564.9
4.0,6,33.2,51.0,7.3,100.0,61.0,0.15,0,0,1,0,2,687.6
0.0,0,26.1,57.0,0.0,99.0,64.0,0.0,0,0,0,1,2,699.5
4.0,4,19.7,87.0,2.5,100.0,58.0,0.18,0,0,0,1,0,686.4
12.0,4,25.0,74.0,3.1,74.0,28.0,0.34,0,0,0,1,3,474.4
22.0,4,25.3,62.0,0.0,61.0,29.0,0.12,0,0,0,1,1,450.0
22.0,4,32.2,42.0,0.0,78.0,42.0,0.05,0,0,0,1,0,604.0
12.0,0,28.2,78.0,6.4,70.0,83.0,0.64,0,0,0,1,3,660.4
1.0,0,21.7,43.0,11.2,98.0,38.0,0.06,0,0,0,1,0,603.3
14.0,4,23.0,74.0,0.1,69.0,92.0,0.66,0,0,0,1,2,693.9
21.0,2,33.6,94.0,0.0,55.0,94.0,0.0,0,0,0,1,2,734.7
16.0,3,32.4,89.0,1.7,50.0,91.0,0.55,0,0,0,1,0,699.8
11.0,0,32.6,90.0,8.2,90.0,60.0,0.65,0,0,0,1,3,643.8
12.0,3,25.4,48.0,0.0,85.0,69.0,0.84,0,0,0,1,1,672.3
11.0,6,25.1,53.0,10.4,50.0,29.0,0.59,0,0,1,0,1,400.4
4.0,5,33.0,77.0,0.0,58.0,73.0,0.29,0,0,1,0,0,666.3
22.0,4,33.8,74.0,5.5,74.0,65.0,0.04,0,0,0,1,3,644.8
13.0,4,18.1,66.0,5.1,76.0,89.0,0.53,0,0,0,1,2,688.4
1.0,0,27.7,80.0,0.0,59.0,87.0,0.08,0,0,0,1,0,714.9
8.0,3,26.8,68.0,4.7,90.0,29.0,0.46,1,0,0,1,3,541.3
17.0,6,27.9,74.0,7.3,80.0,78.0,0.3,0,1,1,0,0,725.1
15.0,4,30.5,61.0,0.0,68.0,41.0,0.03,0,0,0,1,2,536.8
19.0,5,23.2,85.0,1.4,87.0,41.0,0.24,0,1,1,0,3,595.6
21.0,2,31.8,74.0,8.7,82.0,29.0,0.21,0,0,0,1,1,551.4
8.0,2,20.3,52.0,2.4,88.0,42.0,0.61,1,0,0,1,0,625.1
23.0,1,29.2,58.0,4.4,81.0,43.0,0.07,0,0,0,1,1,566.7
1.0,2,34.7,44.0,0.0,98.0,72.0,0.06,0,0,0,1,3,749.5
7.0,5,25.5,75.0,6.3,53.0,53.0,0.44,1,0,1,0,2,520.1
3.0,0,20.8,60.0,0.0,74.0,69.0,0.12,0,0,0,1,1,645.2
4.0,4,32.8,35.0,0.8,93.0,60.0,0.32,0,0,0,1,3,703.5
21.0,0,19.7,69.0,0.0,89.0,54.0,0.08,0,0,0,1,3,643.4
8.0,6,19.7,76.0,0.0,96.0,95.0,0.51,1,0,1,0,1,814.9
16.0,2,29.5,46.0,2.7,54.0,21.0,0.27,0,0,0,1,0,439.6
16.0,0,29.7,57.0,3.8,52.0,23.0,0.41,0,0,0,1,1,409.2
1.0,4,29.2,88.0,4.4,95.0,35.0,0.01,0,0,0,1,0,612.0
19.0,1,24.4,83.0,8.2,57.0,43.0,0.11,0,1,0,1,1,508.6
14.0,5,33.9,75.0,0.0,94.0,61.0,0.21,0,0,1,0,3,693.2
2.0,2,31.2,59.0,0.0,66.0,42.0,0.07,0,0,0,1,2,535.9
15.0,1,28.4,46.0,1.5,63.0,33.0,0.68,0,0,0,1,3,468.9
22.0,2,19.8,39.0,10.3,51.0,83.0,0.02,0,0,0,1,3,623.8
20.0,0,33.9,77.0,0.8,75.0,93.0,0.0,0,1,0,1,2,790.7
22.0,6,26.3,62.0,0.0,84.0,48.0,0.0,0,0,1,0,0,639.1
22.0,6,31.3,42.0,0.0,71.0,58.0,0.07,0,0,1,0,2,597.1
20.0,5,19.5,69.0,5.8,98.0,57.0,0.22,0,1,1,0,3,680.6
5.0,4,18.7,59.0,0.8,56.0,65.0,0.2,0,0,0,1,3,556.9
20.0,3,30.5,43.0,4.1,81.0,69.0,0.02,0,1,0,1,1,726.8
17.0,5,23.2,69.0,11.9,52.0,63.0,0.03,0,1,1,0,0,565.3
23.0,0,24.9,48.0,5.6,93.0,88.0,0.01,0,0,0,1,3,766.9
18.0,1,33.7,37.0,2.5,80.0,25.0,0.12,0,1,0,1,0,577.8
20.0,1,18.2,75.0,7.1,79.0,41.0,0.28,0,1,0,1,0,594.7
2.0,6,31.9,42.0,0.0,54.0,45.0,0.07,0,0,1,0,1,518.2
23.0,5,24.8,42.0,9.5,70.0,47.0,0.06,0,0,1,0,1,544.1
18.0,1,23.7,42.0,1.7,94.0,67.0,0.28,0,1,0,1,1,757.2
14.0,1,33.7,37.0,8.9,99.0,40.0,0.01,0,0,0,1,3,631.6
15.0,0,18.1,46.0,10.0,76.0,80.0,0.52,0,0,0,1,2,652.4
6.0,1,28.9,68.0,0.0,89.0,24.0,0.3,1,0,0,1,1,520.9
22.0,3,28.4,40.0,0.0,76.0,20.0,0.09,0,0,0,1,2,452.4
6.0,0,34.8,41.0,0.0,79.0,46.0,0.14,1,0,0,1,1,591.3
6.0,0,31.5,78.0,9.1,61.0,40.0,0.34,1,0,0,1,3,466.4
1.0,0,29.0,53.0,4.0,52.0,33.0,0.06,0,0,0,1,3,448.8
17.0,1,20.7,36.0,0.5,96.0,76.0,0.35,0,1,0,1,1,743.4
10.0,3,21.4,78.0,5.9,70.0,49.0,0.08,0,0,0,1,0,564.1
23.0,3,32.8,59.0,4.5,53.0,75.0,0.01,0,0,0,1,3,617.1
19.0,3,21.0,58.0,8.2,67.0,45.0,0.14,0,1,0,1,2,550.0
1.0,5,27.7,52.0,9.4,76.0,41.0,0.06,0,0,1,0,3,548.4
7.0,2,28.3,85.0,6.4,86.0,90.0,0.5,1,0,0,1,1,754.5
2.0,3,32.6,66.0,5.3,79.0,55.0,0.0,0,0,0,1,3,608.6
13.0,5,32.8,50.0,0.0,86.0,20.0,0.38,0,0,1,0,1,517.2
1.0,0,34.9,81.0,3.2,80.0,32.0,0.04,0,0,0,1,3,522.9
7.0,0,27.5,35.0,1.2,58.0,65.0,0.17,1,0,0,1,1,613.0
20.0,0,18.3,77.0,0.4,79.0,79.0,0.26,0,1,0,1,0,766.0
22.0,3,21.1,90.0,0.0,90.0,29.0,0.06,0,0,0,1,0,557.8
22.0,2,27.0,53.0,0.0,100.0,30.0,0.1,0,0,0,1,1,584.1
10.0,5,33.8,67.0,10.1,57.0,69.0,0.3,0,0,1,0,0,624.1
19.0,0,24.2,46.0,0.0,58.0,62.0,0.1,0,1,0,1,1,610.5
3.0,5,26.1,95.0,3.1,98.0,48.0,0.08,0,0,1,0,1,608.2
8.0,4,29.6,52.0,7.5,81.0,84.0,0.35,1,0,0,1,3,748.5
3.0,3,30.1,78.0,7.9,89.0,67.0,0.2,0,0,0,1,3,658.9
22.0,6,34.6,91.0,12.7,55.0,30.0,0.07,0,0,1,0,3,429.5
5.0,2,34.3,39.0,6.1,81.0,39.0,0.36,0,0,0,1,1,571.5
16.0,5,18.4,61.0,9.1,80.0,64.0,0.28,0,0,1,0,1,618.7
23.0,5,18.4,47.0,12.4,83.0,62.0,0.03,0,0,1,0,1,632.2
10.0,5,29.0,55.0,0.0,79.0,58.0,0.47,0,0,1,0,3,624.0
9.0,1,31.4,49.0,0.0,59.0,65.0,0.21,1,0,0,1,0,659.2
5.0,4,33.7,80.0,0.0,95.0,39.0,0.07,0,0,0,1,1,604.2
3.0,0,34.9,71.0,5.7,63.0,91.0,0.18,0,0,0,1,1,717.6
21.0,2,34.6,44.0,0.0,84.0,58.0,0.03,0,0,0,1,1,712.3
0.0,3,33.8,84.0,6.4,59.0,20.0,0.0,0,0,0,1,2,403.4
17.0,4,23.6,80.0,0.0,86.0,76.0,0.2,0,1,0,1,1,720.5
3.0,5,26.1,37.0,7.1,51.0,71.0,0.15,0,0,1,0,2,584.3
7.0,3,24.1,55.0,9.7,100.0,55.0,0.11,1,0,0,1,1,683.9
2.0,4,32.4,78.0,2.0,62.0,82.0,0.05,0,0,0,1,3,665.8
19.0,4,34.0,93.0,0.5,73.0,69.0,0.16,0,1,0,1,3,680.7
9.0,2,24.0,63.0,4.5,97.0,73.0,0.6,1,0,0,1,3,732.6
9.0,1,31.7,92.0,0.0,87.0,31.0,0.11,1,0,0,1,1,567.8
9.0,3,34.8,68.0,4.8,55.0,20.0,0.31,1,0,0,1,3,420.3
8.0,3,21.0,64.0,0.9,62.0,43.0,0.55,1,0,0,1,1,501.8
9.0,4,26.3,87.0,7.4,81.0,91.0,0.55,1,0,0,1,2,727.0
7.0,0,31.5,44.0,2.0,57.0,56.0,0.24,1,0,0,1,3,598.7
15.0,5,29.0,36.0,5.9,88.0,66.0,0.44,0,0,1,0,0,720.5
18.0,3,32.8,75.0,0.0,73.0,85.0,0.37,0,1,0,1,0,769.1
0.0,6,22.4,72.0,7.1,72.0,40.0,0.0,0,0,1,0,1,513.9
11.0,3,28.8,57.0,7.0,82.0,44.0,0.7,0,0,0,1,0,597.8
5.0,6,19.6,83.0,5.2,93.0,58.0,0.11,0,0,1,0,2,628.7
22.0,5,24.2,69.0,0.0,58.0,86.0,0.05,0,0,1,0,0,690.9
15.0,3,23.8,93.0,4.8,62.0,91.0,0.46,0,0,0,1,1,681.1
16.0,6,27.0,70.0,0.3,79.0,29.0,0.08,0,0,1,0,3,488.6
4.0,0,26.2,54.0,2.0,88.0,86.0,0.25,0,0,0,1,3,753.0
10.0,1,30.1,36.0,2.9,94.0,38.0,0.57,0,0,0,1,1,592.9
9.0,1,21.6,40.0,0.0,54.0,22.0,0.58,1,0,0,1,0,454.7
13.0,0,21.3,37.0,4.6,80.0,35.0,0.83,0,0,0,1,0,539.2
1.0,0,23.1,35.0,3.2,87.0,45.0,0.02,0,0,0,1,1,584.1
11.0,0,19.5,89.0,2.9,72.0,40.0,0.78,0,0,0,1,2,471.9
23.0,4,22.1,71.0,11.4,83.0,47.0,0.06,0,0,0,1,0,601.0
9.0,1,33.3,69.0,11.0,82.0,80.0,0.27,1,0,0,1,1,734.8
18.0,1,25.5,41.0,5.0,77.0,47.0,0.26,0,1,0,1,3,614.0
13.0,0,30.9,55.0,4.7,81.0,66.0,0.65,0,0,0,1,1,662.7
17.0,5,18.7,55.0,0.0,88.0,59.0,0.4,0,1,1,0,3,634.7
14.0,1,27.4,53.0,8.3,80.0,67.0,0.15,0,0,0,1,0,686.1
21.0,3,29.4,60.0,0.0,57.0,38.0,0.1,0,0,0,1,0,560.8
22.0,4,34.6,82.0,15.3,73.0,45.0,0.06,0,0,0,1,0,561.6
19.0,6,34.8,42.0,3.6,67.0,94.0,0.25,0,1,1,0,3,794.0
20.0,3,24.1,77.0,0.0,82.0,55.0,0.05,0,1,0,1,3,642.7
14.0,0,20.1,66.0,0.0,51.0,32.0,0.61,0,0,0,1,1,415.8
2.0,3,29.5,46.0,0.0,69.0,32.0,0.13,0,0,0,1,1,511.8
21.0,6,26.8,66.0,3.9,81.0,84.0,0.07,0,0,1,0,3,759.1
10.0,6,32.6,69.0,11.4,57.0,69.0,0.38,0,0,1,0,3,588.3
12.0,3,25.8,37.0,6.3,95.0,41.0,0.49,0,0,0,1,2,594.5
4.0,2,30.2,66.0,3.6,92.0,90.0,0.23,0,0,0,1,3,775.8
18.0,3,26.1,89.0,3.9,81.0,95.0,0.49,0,1,0,1,2,783.7
19.0,5,24.0,53.0,2.5,58.0,66.0,0.15,0,1,1,0,0,660.5
23.0,4,18.5,92.0,0.0,72.0,65.0,0.03,0,0,0,1,3,595.2
1.0,5,22.2,50.0,0.0,69.0,34.0,0.03,0,0,1,0,0,518.4
0.0,4,23.5,64.0,0.1,67.0,22.0,0.0,0,0,0,1,3,428.2
18.0,0,34.8,59.0,0.0,81.0,32.0,0.35,0,1,0,1,0,608.7
6.0,2,26.4,86.0,3.4,73.0,75.0,0.1,1,0,0,1,2,638.5
20.0,6,34.6,39.0,6.3,66.0,26.0,0.1,0,1,1,0,2,491.3
18.0,3,31.7,74.0,2.9,87.0,63.0,0.14,0,1,0,1,0,736.8
18.0,6,27.0,62.0,5.2,82.0,58.0,0.22,0,1,1,0,2,664.9
17.0,2,21.4,60.0,3.0,51.0,86.0,0.5,0,1,0,1,1,643.4
18.0,3,21.6,87.0,2.7,86.0,27.0,0.26,0,1,0,1,3,522.5
11.0,3,20.5,44.0,2.8,76.0,60.0,0.79,0,0,0,1,3,586.7
2.0,5,21.5,61.0,2.6,66.0,50.0,0.07,0,0,1,0,1,548.2
3.0,1,21.3,50.0,4.3,85.0,75.0,0.11,0,0,0,1,3,687.9
1.0,1,20.7,43.0,11.7,92.0,90.0,0.01,0,0,0,1,2,760.1
1.0,5,26.3,36.0,13.0,88.0,58.0,0.07,0,0,1,0,2,634.5
13.0,2,29.4,91.0,13.1,65.0,34.0,0.52,0,0,0,1,1,466.2
16.0,0,26.9,88.0,0.0,81.0,31.0,0.16,0,0,0,1,2,491.5
3.0,6,31.7,56.0,7.0,77.0,47.0,0.04,0,0,1,0,1,567.5
5.0,1,34.5,63.0,0.0,81.0,88.0,0.16,0,0,0,1,0,805.1
3.0,2,27.3,65.0,0.0,73.0,80.0,0.18,0,0,0,1,1,676.1
9.0,0,29.0,92.0,0.0,94.0,50.0,0.19,1,0,0,1,0,670.9
12.0,2,28.9,79.0,0.0,84.0,50.0,0.86,0,0,0,1,0,636.4
12.0,0,33.5,60.0,13.0,55.0,50.0,0.3,0,0,0,1,2,491.1
5.0,3,28.7,91.0,5.7,67.0,30.0,0.34,0,0,0,1,0,477.7
15.0,3,30.5,94.0,7.3,60.0,53.0,0.38,0,0,0,1,0,548.1
11.0,3,28.2,87.0,0.0,98.0,26.0,0.59,0,0,0,1,0,568.6
5.0,5,25.5,76.0,6.3,70.0,93.0,0.03,0,0,1,0,2,713.8
5.0,1,26.8,84.0,7.1,100.0,60.0,0.19,0,0,0,1,3,659.6
23.0,1,22.4,78.0,0.0,62.0,30.0,0.03,0,0,0,1,2,430.2
5.0,3,32.9,95.0,6.3,51.0,91.0,0.27,0,0,0,1,0,682.3
20.0,1,33.4,64.0,5.5,53.0,71.0,0.21,0,1,0,1,1,654.6
19.0,2,20.5,58.0,6.1,95.0,87.0,0.18,0,1,0,1,0,848.0
14.0,6,29.5,42.0,3.5,68.0,83.0,0.32,0,0,1,0,2,688.5
13.0,6,21.5,48.0,7.1,76.0,43.0,0.37,0,0,1,0,1,537.4
4.0,0,22.9,51.0,3.5,73.0,94.0,0.23,0,0,0,1,1,750.4
14.0,0,18.2,43.0,12.4,93.0,47.0,0.59,0,0,0,1,3,568.1
22.0,3,30.5,51.0,8.7,71.0,50.0,0.08,0,0,0,1,0,603.9
11.0,4,34.0,86.0,0.0,50.0,52.0,0.46,0,0,0,1,0,537.0
12.0,2,34.6,77.0,0.0,87.0,42.0,0.26,0,0,0,1,0,638.7
16.0,3,33.8,91.0,0.9,59.0,53.0,0.08,0,0,0,1,3,543.3
1.0,1,26.5,88.0,2.1,68.0,53.0,0.05,0,0,0,1,3,562.3
8.0,4,23.3,92.0,7.2,98.0,39.0,0.37,1,0,0,1,3,599.7
21.0,5,31.6,38.0,3.6,52.0,80.0,0.07,0,0,1,0,1,690.0
22.0,3,25.4,92.0,4.3,95.0,91.0,0.08,0,0,0,1,2,769.3
15.0,0,32.4,90.0,5.8,68.0,43.0,0.63,0,0,0,1,1,522.6
23.0,4,32.0,71.0,8.1,83.0,93.0,0.02,0,0,0,1,0,797.4
2.0,1,31.1,78.0,6.7,93.0,35.0,0.07,0,0,0,1,2,557.9
18.0,0,32.2,44.0,8.5,79.0,54.0,0.3,0,1,0,1,3,649.2
0.0,2,34.5,76.0,0.0,63.0,26.0,0.0,0,0,0,1,1,455.5
9.0,2,31.6,82.0,14.1,55.0,71.0,0.19,1,0,0,1,3,608.9
7.0,6,32.7,40.0,6.4,99.0,71.0,0.17,1,0,1,0,3,764.0
20.0,1,20.1,66.0,5.6,93.0,36.0,0.12,0,1,0,1,2,569.2
3.0,6,24.2,47.0,0.0,67.0,92.0,0.15,0,0,1,0,3,722.4
2.0,6,25.2,58.0,0.0,55.0,25.0,0.09,0,0,1,0,3,410.3
14.0,5,21.8,78.0,0.4,68.0,79.0,0.36,0,0,1,0,0,668.4
15.0,2,20.5,43.0,1.3,83.0,74.0,0.22,0,0,0,1,1,687.4
1.0,4,19.3,37.0,0.0,56.0,79.0,0.06,0,0,0,1,3,631.1
18.0,6,22.3,51.0,0.0,57.0,79.0,0.09,0,1,1,0,0,702.8
5.0,6,24.7,40.0,0.0,87.0,78.0,0.32,0,0,1,0,2,722.9
14.0,4,31.7,56.0,12.9,63.0,43.0,0.07,0,0,0,1,1,508.2
19.0,2,32.8,41.0,2.1,57.0,21.0,0.07,0,1,0,1,3,465.6
15.0,3,29.8,90.0,0.0,69.0,66.0,0.52,0,0,0,1,3,600.7
22.0,5,24.7,54.0,5.3,57.0,22.0,0.12,0,0,1,0,1,409.3
6.0,6,18.5,65.0,0.0,90.0,88.0,0.1,1,0,1,0,3,747.2
9.0,6,25.9,65.0,0.8,97.0,76.0,0.72,1,0,1,0,1,760.7
15.0,0,32.6,72.0,3.2,53.0,62.0,0.01,0,0,0,1,3,570.1
20.0,6,30.1,61.0,7.7,52.0,82.0,0.13,0,1,1,0,2,650.7
16.0,4,30.3,94.0,0.0,64.0,27.0,0.35,0,0,0,1,3,429.5
13.0,4,23.4,39.0,2.2,57.0,83.0,0.57,0,0,0,1,3,658.8
20.0,2,25.6,62.0,7.1,80.0,64.0,0.15,0,1,0,1,1,680.4
16.0,1,28.0,78.0,0.0,58.0,57.0,0.48,0,0,0,1,3,553.8
12.0,3,32.2,78.0,0.3,60.0,46.0,0.28,0,0,0,1,3,511.4
23.0,0,29.3,43.0,4.4,56.0,73.0,0.08,0,0,0,1,3,622.7
15.0,2,22.0,70.0,3.9,72.0,40.0,0.13,0,0,0,1,2,499.6
16.0,0,31.7,56.0,0.0,85.0,48.0,0.32,0,0,0,1,0,647.9
10.0,6,24.0,37.0,3.8,94.0,85.0,0.5,0,0,1,0,1,761.9
3.0,5,18.9,95.0,0.0,56.0,33.0,0.21,0,0,1,0,0,460.0
1.0,4,19.8,75.0,5.5,60.0,57.0,0.06,0,0,0,1,2,527.1
16.0,3,30.5,41.0,5.7,57.0,45.0,0.29,0,0,0,1,1,519.0
13.0,6,31.1,50.0,5.9,82.0,41.0,0.08,0,0,1,0,2,549.3
11.0,5,30.8,58.0,0.4,100.0,49.0,0.13,0,0,1,0,3,652.5
13.0,3,33.6,92.0,0.0,51.0,76.0,0.13,0,0,0,1,2,604.5
0.0,5,31.7,95.0,7.1,99.0,41.0,0.0,0,0,1,0,3,603.8
12.0,6,18.6,94.0,0.0,90.0,86.0,0.97,0,0,1,0,0,745.6
13.0,3,33.1,79.0,0.0,72.0,21.0,0.76,0,0,0,1,2,435.9
16.0,4,33.6,79.0,0.0,94.0,64.0,0.59,0,0,0,1,3,696.3
20.0,3,31.2,91.0,2.6,74.0,36.0,0.17,0,1,0,1,2,542.6
17.0,2,21.6,67.0,0.0,51.0,23.0,0.52,0,1,0,1,1,380.5
17.0,4,22.4,88.0,4.2,96.0,27.0,0.49,0,1,0,1,0,539.2
8.0,5,26.6,42.0,9.9,78.0,58.0,0.38,1,0,1,0,0,665.3
0.0,3,23.8,50.0,8.1,72.0,58.0,0.0,0,0,0,1,1,570.9
22.0,4,29.4,80.0,0.0,70.0,86.0,0.1,0,0,0,1,0,748.4
11.0,3,19.7,80.0,0.0,53.0,74.0,0.81,0,0,0,1,0,614.0
15.0,1,25.6,58.0,0.7,66.0,94.0,0.37,0,0,0,1,3,713.1
13.0,3,29.7,95.0,0.0,59.0,84.0,0.12,0,0,0,1,1,664.0
22.0,3,20.2,80.0,0.0,79.0,80.0,0.01,0,0,0,1,1,694.4
5.0,4,24.3,95.0,10.2,57.0,67.0,0.24,0,0,0,1,0,601.3
1.0,4,20.6,58.0,1.4,81.0,23.0,0.07,0,0,0,1,2,472.1
4.0,6,28.0,38.0,6.9,63.0,43.0,0.27,0,0,1,0,2,499.8
15.0,0,20.1,57.0,4.4,86.0,59.0,0.42,0,0,0,1,3,624.5
10.0,6,24.4,88.0,1.7,82.0,78.0,0.63,0,0,1,0,1,678.9
21.0,3,20.5,81.0,0.0,74.0,49.0,0.23,0,0,0,1,3,600.9
10.0,4,18.8,77.0,9.3,60.0,23.0,0.48,0,0,0,1,0,409.3
22.0,2,27.5,42.0,1.7,86.0,86.0,0.03,0,0,0,1,0,794.5
15.0,4,33.2,42.0,0.0,67.0,46.0,0.18,0,0,0,1,0,583.6
22.0,6,33.1,63.0,8.3,75.0,95.0,0.01,0,0,1,0,2,753.4
0.0,2,25.4,61.0,9.1,66.0,31.0,0.0,0,0,0,1,3,461.2
3.0,4,20.9,44.0,6.5,69.0,72.0,0.17,0,0,0,1,1,649.4
1.0,4,34.3,46.0,4.7,56.0,60.0,0.01,0,0,0,1,3,576.5
10.0,2,24.4,87.0,4.3,98.0,95.0,0.2,0,0,0,1,1,807.0
16.0,6,26.6,95.0,4.3,85.0,72.0,0.04,0,0,1,0,3,678.0
0.0,3,28.8,93.0,6.0,65.0,91.0,0.0,0,0,0,1,0,726.2
4.0,2,27.7,63.0,9.1,100.0,38.0,0.12,0,0,0,1,1,602.5
5.0,6,22.2,95.0,0.0,52.0,20.0,0.34,0,0,1,0,3,370.4
19.0,2,29.1,45.0,14.6,67.0,52.0,0.35,0,1,0,1,3,587.1
12.0,2,32.3,48.0,0.0,60.0,88.0,0.56,0,0,0,1,0,724.1
9.0,0,24.7,42.0,6.9,77.0,46.0,0.46,1,0,0,1,2,554.1
10.0,5,34.1,75.0,2.4,67.0,51.0,0.55,0,0,1,0,3,569.7
10.0,2,21.6,73.0,0.0,91.0,20.0,0.51,0,0,0,1,1,505.0
0.0,0,29.4,61.0,0.0,98.0,70.0,0.0,0,0,0,1,3,729.2
20.0,5,19.3,36.0,10.2,93.0,35.0,0.12,0,1,1,0,3,581.9
12.0,6,28.2,59.0,6.8,57.0,79.0,0.37,0,0,1,0,0,676.3
6.0,3,18.2,82.0,7.0,62.0,31.0,0.41,1,0,0,1,2,412.8
20.0,2,31.7,49.0,3.6,52.0,55.0,0.16,0,1,0,1,2,576.3
22.0,5,28.3,35.0,6.1,57.0,55.0,0.09,0,0,1,0,3,562.1
15.0,1,27.4,77.0,2.5,54.0,95.0,0.1,0,0,0,1,1,678.8
2.0,1,22.4,71.0,9.3,62.0,22.0,0.17,0,0,0,1,2,375.9
22.0,5,27.1,51.0,0.0,77.0,26.0,0.14,0,0,1,0,0,511.7
10.0,3,32.4,61.0,1.9,81.0,66.0,0.43,0,0,0,1,3,675.0
1.0,5,21.8,52.0,8.4,50.0,70.0,0.02,0,0,1,0,2,550.1
2.0,4,31.7,82.0,4.2,65.0,45.0,0.03,0,0,0,1,0,570.9
9.0,0,28.6,41.0,8.2,87.0,62.0,0.63,1,0,0,1,0,709.5
7.0,0,26.1,56.0,7.6,54.0,76.0,0.45,1,0,0,1,1,614.7
20.0,3,27.8,40.0,14.0,70.0,28.0,0.26,0,1,0,1,3,498.9
1.0,6,25.5,54.0,0.0,93.0,27.0,0.05,0,0,1,0,0,570.2
9.0,6,24.5,41.0,0.0,79.0,69.0,0.35,1,0,1,0,0,714.8
13.0,4,28.5,56.0,0.0,79.0,86.0,0.3,0,0,0,1,0,761.3
6.0,0,19.7,73.0,1.5,86.0,36.0,0.32,1,0,0,1,1,524.7
8.0,2,25.2,81.0,0.7,52.0,27.0,0.09,1,0,0,1,1,426.1
18.0,3,26.7,76.0,3.1,59.0,80.0,0.15,0,1,0,1,1,676.2
10.0,2,24.3,35.0,0.0,53.0,50.0,0.42,0,0,0,1,1,516.0
17.0,6,18.9,57.0,4.1,100.0,28.0,0.2,0,1,1,0,1,552.9
21.0,3,29.8,64.0,0.0,89.0,58.0,0.1,0,0,0,1,2,682.3
5.0,0,25.7,85.0,8.0,90.0,48.0,0.29,0,0,0,1,0,618.1
14.0,4,21.6,65.0,1.8,97.0,68.0,0.17,0,0,0,1,2,670.3
5.0,6,34.8,58.0,7.7,59.0,57.0,0.18,0,0,1,0,0,597.6
20.0,4,33.5,58.0,4.2,68.0,42.0,0.07,0,1,0,1,1,579.0
8.0,5,21.0,89.0,0.0,61.0,53.0,0.61,1,0,1,0,0,570.6
0.0,6,29.5,59.0,0.0,63.0,59.0,0.0,0,0,1,0,2,561.6
11.0,6,24.3,45.0,15.8,95.0,28.0,0.11,0,0,1,0,3,519.3
4.0,6,21.2,69.0,0.0,90.0,51.0,0.31,0,0,1,0,3,614.5
19.0,4,21.2,69.0,2.2,53.0,55.0,0.36,0,1,0,1,1,559.5
16.0,4,33.1,48.0,1.8,60.0,85.0,0.26,0,0,0,1,0,706.5
20.0,6,26.7,66.0,0.0,83.0,81.0,0.24,0,1,1,0,2,750.8
15.0,3,22.6,60.0,0.0,63.0,48.0,0.67,0,0,0,1,0,541.4
14.0,6,22.0,48.0,0.0,73.0,52.0,0.46,0,0,1,0,1,590.6
4.0,6,19.4,63.0,0.0,79.0,85.0,0.21,0,0,1,0,0,746.8
13.0,3,25.9,61.0,0.0,74.0,23.0,0.16,0,0,0,1,2,460.9
7.0,2,29.0,57.0,6.4,100.0,55.0,0.54,1,0,0,1,0,713.6
3.0,0,19.2,37.0,0.0,66.0,58.0,0.19,0,0,0,1,2,563.7
21.0,6,22.7,80.0,0.8,50.0,58.0,0.07,0,0,1,0,2,545.5
11.0,6,34.9,95.0,0.0,80.0,85.0,0.91,0,0,1,0,0,764.0
4.0,6,24.8,49.0,2.4,83.0,95.0,0.26,0,0,1,0,1,776.1
14.0,5,31.8,56.0,4.1,77.0,73.0,0.17,0,0,1,0,1,678.8
14.0,6,27.5,58.0,9.5,97.0,21.0,0.42,0,0,1,0,2,513.7
21.0,6,24.0,49.0,0.0,98.0,88.0,0.07,0,0,1,0,3,844.3
18.0,0,27.6,37.0,5.5,86.0,93.0,0.43,0,1,0,1,2,808.5
12.0,1,34.1,39.0,0.0,71.0,92.0,0.96,0,0,0,1,0,778.1
20.0,2,19.6,41.0,1.6,51.0,43.0,0.07,0,1,0,1,3,504.9
12.0,2,21.5,53.0,2.0,73.0,86.0,0.01,0,0,0,1,0,739.1
10.0,6,33.5,60.0,4.3,80.0,28.0,0.32,0,0,1,0,3,512.0
6.0,1,32.8,54.0,0.0,60.0,93.0,0.47,1,0,0,1,3,719.1
18.0,1,26.5,78.0,0.0,78.0,28.0,0.41,0,1,0,1,1,533.0
19.0,6,22.2,56.0,11.7,79.0,93.0,0.02,0,1,1,0,3,769.4
2.0,2,29.0,93.0,0.0,75.0,42.0,0.07,0,0,0,1,2,531.1
5.0,4,30.5,64.0,0.0,75.0,25.0,0.1,0,0,0,1,0,526.7
5.0,2,33.0,69.0,0.1,81.0,72.0,0.41,0,0,0,1,1,710.3
17.0,0,34.9,39.0,3.2,76.0,77.0,0.1,0,1,0,1,2,689.4
6.0,4,18.8,36.0,9.9,74.0,63.0,0.37,1,0,0,1,3,607.3
6.0,3,18.6,51.0,11.4,92.0,79.0,0.24,1,0,0,1,2,714.9
2.0,0,27.3,50.0,1.8,67.0,40.0,0.03,0,0,0,1,3,509.1
0.0,4,19.7,53.0,8.8,54.0,21.0,0.0,0,0,0,1,1,390.3
4.0,3,24.1,48.0,0.7,78.0,26.0,0.28,0,0,0,1,1,475.3
16.0,5,29.3,77.0,7.0,78.0,26.0,0.4,0,0,1,0,2,459.5
1.0,6,24.4,47.0,7.4,62.0,31.0,0.0,0,0,1,0,1,455.5
0.0,0,23.7,47.0,2.2,92.0,41.0,0.0,0,0,0,1,0,622.7
1.0,3,26.7,87.0,0.0,89.0,46.0,0.08,0,0,0,1,1,607.5
12.0,3,20.1,48.0,6.5,75.0,60.0,0.01,0,0,0,1,0,640.5
6.0,3,21.7,77.0,5.9,52.0,28.0,0.44,1,0,0,1,2,369.5
13.0,2,31.0,66.0,5.3,66.0,32.0,0.55,0,0,0,1,1,475.0
20.0,5,24.6,94.0,10.6,61.0,60.0,0.33,0,1,1,0,2,566.6
21.0,3,19.1,36.0,0.0,82.0,49.0,0.13,0,0,0,1,3,622.2
22.0,0,22.0,74.0,3.1,97.0,74.0,0.13,0,0,0,1,1,720.7
19.0,0,19.0,58.0,0.0,63.0,24.0,0.1,0,1,0,1,3,463.3
23.0,4,34.8,63.0,2.7,70.0,25.0,0.04,0,0,0,1,2,457.6
13.0,5,31.8,83.0,12.6,71.0,51.0,0.19,0,0,1,0,2,542.9
1.0,5,34.8,86.0,0.0,83.0,61.0,0.02,0,0,1,0,3,641.1
20.0,0,19.1,66.0,6.0,63.0,36.0,0.03,0,1,0,1,1,507.6
18.0,4,32.1,94.0,4.7,96.0,79.0,0.16,0,1,0,1,3,795.3
23.0,1,22.2,46.0,0.0,90.0,45.0,0.02,0,0,0,1,3,596.5
15.0,0,34.2,58.0,0.6,77.0,84.0,0.46,0,0,0,1,3,732.3
13.0,6,20.6,85.0,0.0,55.0,58.0,0.55,0,0,1,0,3,522.5
4.0,4,30.4,51.0,0.0,74.0,91.0,0.2,0,0,0,1,2,743.1
2.0,2,20.3,65.0,6.7,50.0,84.0,0.12,0,0,0,1,0,665.5
11.0,3,24.9,61.0,15.3,74.0,82.0,0.28,0,0,0,1,2,655.5
18.0,0,24.9,37.0,5.6,62.0,75.0,0.48,0,1,0,1,1,675.2
23.0,2,26.7,66.0,0.0,91.0,69.0,0.08,0,0,0,1,0,729.1
23.0,1,22.1,37.0,7.2,94.0,38.0,0.02,0,0,0,1,0,608.7
14.0,5,20.5,50.0,0.0,50.0,34.0,0.64,0,0,1,0,1,415.6
20.0,5,33.6,60.0,0.0,83.0,44.0,0.29,0,1,1,0,0,643.0
5.0,6,25.3,79.0,0.0,87.0,59.0,0.31,0,0,1,0,3,656.2
23.0,6,19.5,75.0,0.0,67.0,46.0,0.08,0,0,1,0,1,516.5
12.0,5,23.2,45.0,3.1,99.0,73.0,0.52,0,0,1,0,0,764.5
20.0,2,30.5,45.0,4.4,62.0,82.0,0.06,0,1,0,1,1,724.1
3.0,3,27.6,48.0,3.7,98.0,44.0,0.06,0,0,0,1,1,632.1
13.0,3,28.7,74.0,8.5,68.0,30.0,0.35,0,0,0,1,0,501.0
8.0,0,23.8,72.0,3.6,50.0,27.0,0.18,1,0,0,1,0,457.9
0.0,5,27.9,37.0,8.0,74.0,86.0,0.0,0,0,1,0,0,760.6
8.0,3,26.0,56.0,0.0,70.0,50.0,0.63,1,0,0,1,2,560.7
21.0,3,24.4,38.0,13.0,50.0,78.0,0.22,0,0,0,1,0,670.3
12.0,5,32.2,94.0,7.4,94.0,51.0,0.37,0,0,1,0,2,619.5
19.0,5,29.2,65.0,0.0,90.0,61.0,0.01,0,1,1,0,0,745.2
11.0,6,18.8,86.0,2.3,88.0,82.0,0.37,0,0,1,0,1,704.2
19.0,6,19.4,62.0,14.1,92.0,32.0,0.31,0,1,1,0,3,550.1
9.0,4,21.3,44.0,10.0,58.0,83.0,0.6,1,0,0,1,0,675.1
9.0,6,29.4,70.0,8.6,57.0,81.0,0.5,1,0,1,0,3,649.7
7.0,1,21.6,83.0,10.3,77.0,23.0,0.09,1,0,0,1,0,491.9
10.0,3,31.0,49.0,1.6,92.0,37.0,0.77,0,0,0,1,0,600.8
20.0,5,26.4,85.0,0.0,91.0,63.0,0.13,0,1,1,0,0,726.7
22.0,5,30.5,59.0,0.0,64.0,48.0,0.04,0,0,1,0,3,534.3
9.0,0,19.9,56.0,2.3,86.0,67.0,0.1,1,0,0,1,0,699.7
10.0,3,27.8,35.0,0.5,74.0,74.0,0.27,0,0,0,1,1,694.7
11.0,6,29.5,85.0,8.2,56.0,70.0,0.01,0,0,1,0,1,599.0
14.0,2,20.5,95.0,2.0,59.0,56.0,0.12,0,0,0,1,3,529.6
21.0,6,31.6,79.0,7.3,67.0,93.0,0.12,0,0,1,0,0,793.4
6.0,3,23.0,59.0,11.5,95.0,46.0,0.42,1,0,0,1,1,603.1
7.0,5,30.5,94.0,5.1,96.0,70.0,0.17,1,0,1,0,3,722.4
21.0,6,20.7,36.0,0.0,72.0,70.0,0.1,0,0,1,0,3,684.3
16.0,5,22.8,79.0,9.9,56.0,36.0,0.22,0,0,1,0,3,427.1
18.0,6,31.7,89.0,6.9,86.0,37.0,0.22,0,1,1,0,1,587.4
15.0,2,33.3,48.0,4.7,73.0,93.0,0.08,0,0,0,1,0,803.2
4.0,3,34.2,62.0,1.7,56.0,65.0,0.32,0,0,0,1,0,619.9
5.0,0,20.0,67.0,0.0,90.0,71.0,0.1,0,0,0,1,1,687.0
3.0,1,24.7,54.0,0.0,99.0,31.0,0.19,0,0,0,1,3,552.5
20.0,3,22.7,76.0,2.3,55.0,35.0,0.16,0,1,0,1,0,514.6
21.0,4,21.8,72.0,0.0,94.0,32.0,0.2,0,0,0,1,2,572.2
5.0,3,26.2,76.0,1.8,56.0,61.0,0.03,0,0,0,1,1,554.4
17.0,1,24.9,79.0,9.3,54.0,86.0,0.49,0,1,0,1,3,629.2
17.0,5,31.9,76.0,8.9,61.0,43.0,0.0,0,1,1,0,0,544.5
14.0,6,23.3,37.0,5.3,55.0,91.0,0.21,0,0,1,0,1,683.6
1.0,0,34.7,67.0,0.0,77.0,20.0,0.02,0,0,0,1,1,503.2
1.0,4,33.4,53.0,0.1,94.0,60.0,0.04,0,0,0,1,3,684.5
11.0,4,27.1,48.0,0.2,65.0,24.0,0.17,0,0,0,1,0,472.2
9.0,6,32.2,43.0,0.2,67.0,36.0,0.55,1,0,1,0,2,515.3
13.0,0,27.3,51.0,0.0,79.0,30.0,0.87,0,0,0,1,3,514.9
21.0,3,34.0,44.0,1.1,90.0,44.0,0.18,0,0,0,1,2,646.4
18.0,5,29.0,67.0,0.0,70.0,75.0,0.19,0,1,1,0,1,703.2
19.0,1,19.3,42.0,0.0,54.0,62.0,0.27,0,1,0,1,3,590.4
11.0,2,31.2,44.0,5.4,56.0,68.0,0.9,0,0,0,1,0,619.0
7.0,3,34.2,85.0,5.8,87.0,82.0,0.06,1,0,0,1,2,746.6
11.0,5,27.7,53.0,0.0,60.0,60.0,0.87,0,0,1,0,0,597.7
12.0,1,23.9,82.0,0.0,80.0,95.0,0.13,0,0,0,1,3,745.4
0.0,5,26.7,44.0,1.5,53.0,67.0,0.0,0,0,1,0,2,571.8
7.0,5,28.3,80.0,0.0,79.0,84.0,0.17,1,0,1,0,2,732.3
13.0,4,34.0,91.0,6.2,69.0,72.0,0.71,0,0,0,1,0,664.0
2.0,5,19.4,81.0,3.1,55.0,56.0,0.09,0,0,1,0,0,552.9
15.0,6,32.9,95.0,0.0,80.0,83.0,0.39,0,0,1,0,1,728.3
21.0,4,29.9,60.0,6.2,95.0,74.0,0.18,0,0,0,1,0,805.3
23.0,2,22.2,82.0,0.0,88.0,77.0,0.08,0,0,0,1,0,727.1
21.0,6,26.9,49.0,5.2,82.0,65.0,0.24,0,0,1,0,1,705.6
13.0,3,24.4,58.0,7.5,84.0,35.0,0.27,0,0,0,1,1,530.9
15.0,2,22.5,35.0,2.5,69.0,85.0,0.62,0,0,0,1,1,684.6
1.0,3,33.2,89.0,0.0,71.0,58.0,0.03,0,0,0,1,3,600.9
0.0,2,33.1,46.0,2.5,81.0,45.0,0.0,0,0,0,1,3,592.7
16.0,1,25.0,93.0,0.1,64.0,80.0,0.26,0,0,0,1,2,636.1
9.0,2,25.3,46.0,0.0,92.0,76.0,0.12,1,0,0,1,3,754.0
11.0,5,25.4,57.0,8.8,62.0,56.0,0.04,0,0,1,0,0,575.8
12.0,3,30.6,92.0,10.3,92.0,54.0,0.12,0,0,0,1,3,626.5
15.0,4,26.4,78.0,2.0,82.0,69.0,0.1,0,0,0,1,3,657.2
3.0,6,18.4,44.0,2.5,53.0,63.0,0.11,0,0,1,0,1,555.9
19.0,5,18.1,65.0,1.6,65.0,39.0,0.3,0,1,1,0,3,528.2
5.0,1,22.8,42.0,13.6,92.0,74.0,0.08,0,0,0,1,1,689.8
22.0,6,31.8,79.0,2.2,87.0,39.0,0.04,0,0,1,0,1,564.2
4.0,3,18.7,47.0,7.8,55.0,26.0,0.13,0,0,0,1,1,400.3
16.0,2,29.9,49.0,3.9,82.0,74.0,0.43,0,0,0,1,0,738.2
9.0,0,22.6,52.0,10.4,70.0,26.0,0.14,1,0,0,1,1,466.3
0.0,0,29.2,55.0,4.3,77.0,43.0,0.0,0,0,0,1,0,601.7
15.0,2,23.7,42.0,3.7,71.0,66.0,0.56,0,0,0,1,1,624.4
11.0,5,31.2,68.0,0.1,63.0,94.0,0.35,0,0,1,0,2,706.2
3.0,1,28.7,73.0,7.8,62.0,77.0,0.23,0,0,0,1,1,644.3
2.0,4,28.5,54.0,0.7,84.0,39.0,0.01,0,0,0,1,1,548.3
6.0,3,27.4,51.0,9.6,73.0,77.0,0.31,1,0,0,1,2,648.8
3.0,3,19.2,61.0,0.0,60.0,55.0,0.17,0,0,0,1,0,568.5
4.0,2,18.8,71.0,15.4,97.0,70.0,0.17,0,0,0,1,1,692.5
17.0,6,26.7,39.0,7.2,85.0,69.0,0.23,0,1,1,0,3,691.0
8.0,1,21.1,45.0,0.0,100.0,85.0,0.3,1,0,0,1,0,835.0
22.0,5,26.9,54.0,5.5,85.0,35.0,0.03,0,0,1,0,2,528.1
1.0,4,22.0,37.0,0.0,58.0,54.0,0.07,0,0,0,1,2,518.5
1.0,5,34.7,87.0,3.6,90.0,67.0,0.03,0,0,1,0,2,685.6
22.0,4,22.5,43.0,0.0,53.0,21.0,0.14,0,0,0,1,2,389.7
7.0,5,34.4,46.0,3.0,96.0,68.0,0.55,1,0,1,0,0,779.1
8.0,6,28.6,73.0,0.0,70.0,54.0,0.14,1,0,1,0,1,597.3
20.0,6,32.6,60.0,5.0,73.0,38.0,0.3,0,1,1,0,3,570.0
2.0,3,21.1,46.0,4.2,96.0,43.0,0.11,0,0,0,1,3,596.3
0.0,2,20.8,46.0,6.1,54.0,38.0,0.0,0,0,0,1,1,446.9
7.0,3,33.5,60.0,7.9,88.0,32.0,0.22,1,0,0,1,0,605.6
0.0,0,32.1,83.0,8.7,65.0,30.0,0.0,0,0,0,1,1,446.6
20.0,4,18.2,35.0,5.3,95.0,30.0,0.07,0,1,0,1,2,572.4
15.0,6,27.6,63.0,4.7,59.0,51.0,0.04,0,0,1,0,3,522.1
22.0,2,28.7,42.0,4.5,56.0,85.0,0.15,0,0,0,1,2,654.9
13.0,1,18.0,49.0,8.2,72.0,56.0,0.21,0,0,0,1,1,572.2
21.0,3,29.7,80.0,4.1,57.0,48.0,0.03,0,0,0,1,1,550.3
9.0,2,19.3,56.0,11.3,52.0,39.0,0.13,1,0,0,1,0,501.6
16.0,2,28.2,78.0,0.0,89.0,56.0,0.23,0,0,0,1,2,635.4
3.0,2,33.6,77.0,0.3,100.0,20.0,0.22,0,0,0,1,0,577.3
4.0,6,29.1,55.0,6.3,54.0,34.0,0.19,0,0,1,0,3,453.9
23.0,2,20.5,55.0,6.2,72.0,60.0,0.04,0,0,0,1,3,589.9
15.0,5,34.5,73.0,4.2,74.0,73.0,0.41,0,0,1,0,1,664.4
17.0,4,26.4,69.0,5.1,83.0,93.0,0.45,0,1,0,1,3,749.7
23.0,1,30.0,50.0,0.8,73.0,91.0,0.04,0,0,0,1,0,785.3
4.0,0,19.0,57.0,0.0,68.0,78.0,0.05,0,0,0,1,1,672.4
17.0,3,22.1,87.0,4.3,94.0,38.0,0.22,0,1,0,1,0,606.7
0.0,5,34.4,58.0,5.2,80.0,40.0,0.0,0,0,1,0,0,599.1
11.0,1,19.3,39.0,12.4,59.0,43.0,0.43,0,0,0,1,3,473.1
4.0,5,27.0,95.0,1.4,78.0,21.0,0.1,0,0,1,0,2,453.2
4.0,0,33.0,37.0,0.6,50.0,70.0,0.28,0,0,0,1,1,603.1
21.0,3,27.4,88.0,2.7,95.0,49.0,0.11,0,0,0,1,2,660.3
5.0,2,34.5,68.0,0.0,75.0,27.0,0.09,0,0,0,1,1,517.1
5.0,6,30.7,70.0,1.4,80.0,60.0,0.27,0,0,1,0,3,630.3
12.0,6,24.5,38.0,5.4,67.0,33.0,0.1,0,0,1,0,1,476.3
11.0,4,31.2,56.0,7.0,54.0,47.0,0.55,0,0,0,1,0,532.4
9.0,1,27.4,75.0,6.3,86.0,92.0,0.03,1,0,0,1,0,818.3
15.0,0,18.8,40.0,3.6,98.0,56.0,0.72,0,0,0,1,2,638.0
16.0,1,23.3,60.0,0.9,71.0,72.0,0.6,0,0,0,1,0,651.9
16.0,0,26.5,84.0,6.9,80.0,95.0,0.58,0,0,0,1,3,754.0
1.0,2,20.7,78.0,0.0,95.0,49.0,0.07,0,0,0,1,0,654.0
21.0,5,20.4,80.0,9.8,78.0,36.0,0.08,0,0,1,0,2,543.4
11.0,4,32.6,62.0,10.6,65.0,46.0,0.91,0,0,0,1,3,518.0
19.0,0,34.3,71.0,0.0,59.0,59.0,0.23,0,1,0,1,0,643.0
2.0,3,19.6,55.0,5.0,67.0,93.0,0.06,0,0,0,1,0,747.7
2.0,0,21.0,84.0,0.0,98.0,76.0,0.11,0,0,0,1,2,725.5
4.0,0,34.5,66.0,12.6,76.0,36.0,0.15,0,0,0,1,3,522.3
16.0,6,28.6,55.0,0.0,66.0,25.0,0.41,0,0,1,0,3,460.7
20.0,0,30.6,50.0,1.0,56.0,57.0,0.13,0,1,0,1,1,594.0
18.0,3,32.5,49.0,0.0,72.0,79.0,0.23,0,1,0,1,0,779.7
17.0,6,25.9,40.0,4.0,99.0,75.0,0.12,0,1,1,0,3,753.5
10.0,0,23.4,73.0,0.0,57.0,55.0,0.38,0,0,0,1,3,529.0
17.0,1,34.1,44.0,0.2,88.0,68.0,0.04,0,1,0,1,0,740.3
11.0,6,25.3,65.0,3.8,98.0,74.0,0.25,0,0,1,0,0,770.5
20.0,1,19.4,39.0,2.7,76.0,87.0,0.07,0,1,0,1,3,762.4
8.0,1,32.1,40.0,7.2,60.0,45.0,0.23,1,0,0,1,2,523.8
13.0,3,26.1,79.0,5.7,72.0,93.0,0.36,0,0,0,1,3,699.4
0.0,4,31.3,73.0,5.5,70.0,60.0,0.0,0,0,0,1,1,617.3
14.0,1,26.5,55.0,13.0,66.0,86.0,0.6,0,0,0,1,3,683.4
14.0,6,32.6,75.0,0.0,52.0,47.0,0.62,0,0,1,0,0,536.5
6.0,3,29.8,84.0,5.4,63.0,44.0,0.49,1,0,0,1,2,497.3
18.0,0,24.3,58.0,13.6,94.0,83.0,0.32,0,1,0,1,0,815.9
14.0,3,25.0,57.0,5.5,57.0,42.0,0.38,0,0,0,1,2,459.8
11.0,1,27.4,45.0,0.0,90.0,56.0,0.64,0,0,0,1,3,644.1
3.0,0,31.7,41.0,3.8,56.0,83.0,0.19,0,0,0,1,3,664.2
19.0,4,19.7,63.0,0.0,76.0,47.0,0.09,0,1,0,1,2,583.5
14.0,4,24.5,47.0,10.6,100.0,79.0,0.34,0,0,0,1,2,724.8
20.0,5,31.3,60.0,7.8,82.0,56.0,0.09,0,1,1,0,1,665.9
21.0,2,23.2,92.0,4.4,50.0,73.0,0.01,0,0,0,1,1,606.9
0.0,1,31.4,88.0,6.8,71.0,41.0,0.0,0,0,0,1,2,495.9
13.0,1,27.4,60.0,5.5,86.0,74.0,0.12,0,0,0,1,0,745.5
20.0,3,34.6,46.0,0.0,77.0,49.0,0.03,0,1,0,1,1,651.4
4.0,4,20.0,71.0,5.1,85.0,40.0,0.32,0,0,0,1,2,514.1
6.0,0,19.6,62.0,11.6,51.0,89.0,0.46,1,0,0,1,1,630.1
2.0,4,24.5,82.0,1.6,61.0,50.0,0.11,0,0,0,1,2,487.4
7.0,2,21.3,88.0,3.3,99.0,53.0,0.38,1,0,0,1,3,664.7
8.0,0,33.9,75.0,17.3,57.0,78.0,0.62,1,0,0,1,0,668.9
3.0,0,20.4,51.0,4.7,73.0,46.0,0.1,0,0,0,1,3,537.7
15.0,6,18.4,39.0,0.0,93.0,73.0,0.28,0,0,1,0,1,718.9
10.0,5,33.4,86.0,5.2,92.0,92.0,0.53,0,0,1,0,1,796.4
1.0,0,34.6,57.0,0.0,60.0,86.0,0.06,0,0,0,1,0,730.6
3.0,1,28.3,69.0,8.9,63.0,66.0,0.03,0,0,0,1,1,599.6
6.0,0,23.6,49.0,9.6,67.0,55.0,0.24,1,0,0,1,1,566.7
2.0,2,30.0,76.0,0.7,77.0,85.0,0.16,0,0,0,1,3,734.9
6.0,2,20.9,78.0,7.5,56.0,94.0,0.4,1,0,0,1,3,651.9
18.0,2,20.8,48.0,8.5,77.0,54.0,0.41,0,1,0,1,3,612.8
19.0,0,28.3,62.0,4.4,78.0,41.0,0.37,0,1,0,1,0,624.7
16.0,2,28.0,53.0,0.0,75.0,23.0,0.08,0,0,0,1,2,455.6
10.0,3,31.4,57.0,3.1,73.0,38.0,0.65,0,0,0,1,2,517.2
3.0,0,23.4,35.0,2.3,64.0,91.0,0.02,0,0,0,1,2,694.6
9.0,4,21.6,48.0,6.2,86.0,73.0,0.51,1,0,0,1,0,740.9
13.0,2,31.8,47.0,5.9,52.0,55.0,0.39,0,0,0,1,3,544.7
3.0,3,20.9,55.0,0.0,68.0,22.0,0.16,0,0,0,1,0,466.2
18.0,0,33.5,53.0,11.9,84.0,87.0,0.02,0,1,0,1,0,843.0
20.0,0,19.2,41.0,5.5,67.0,60.0,0.25,0,1,0,1,2,598.7
12.0,0,27.5,55.0,1.4,94.0,78.0,0.49,0,0,0,1,2,732.6
20.0,0,32.3,95.0,2.1,50.0,37.0,0.04,0,1,0,1,0,519.5
10.0,6,29.7,62.0,3.3,84.0,20.0,0.78,0,0,1,0,2,468.3
1.0,2,33.0,37.0,12.3,66.0,62.0,0.06,0,0,0,1,0,650.3
12.0,2,29.9,94.0,6.6,70.0,38.0,0.75,0,0,0,1,1,499.8
13.0,5,25.6,42.0,0.0,92.0,82.0,0.89,0,0,1,0,3,749.2
10.0,6,30.4,49.0,10.1,72.0,91.0,0.7,0,0,1,0,0,763.0
7.0,5,29.0,89.0,3.6,53.0,47.0,0.01,1,0,1,0,3,512.0
6.0,3,31.9,47.0,0.0,98.0,59.0,0.35,1,0,0,1,2,685.3
20.0,1,32.4,41.0,6.0,74.0,77.0,0.29,0,1,0,1,2,717.2
16.0,1,31.3,47.0,7.8,86.0,33.0,0.1,0,0,0,1,2,539.1
3.0,5,19.9,36.0,5.5,80.0,87.0,0.11,0,0,1,0,0,760.3
8.0,0,33.8,40.0,0.9,82.0,75.0,0.34,1,0,0,1,3,740.5
1.0,3,22.6,41.0,7.7,62.0,57.0,0.02,0,0,0,1,3,558.3
5.0,4,22.7,73.0,0.0,91.0,51.0,0.4,0,0,0,1,0,647.5
7.0,0,18.9,37.0,0.0,67.0,48.0,0.51,1,0,0,1,0,585.7
22.0,5,24.9,60.0,9.5,81.0,46.0,0.03,0,0,1,0,2,560.8
6.0,2,28.8,80.0,0.0,61.0,84.0,0.45,1,0,0,1,0,690.4
19.0,3,30.6,89.0,6.1,93.0,28.0,0.07,0,1,0,1,2,558.1
10.0,3,20.4,35.0,0.3,61.0,53.0,0.73,0,0,0,1,0,563.1
5.0,5,30.9,35.0,0.0,81.0,51.0,0.2,0,0,1,0,0,640.0
1.0,6,18.3,78.0,12.5,98.0,38.0,0.06,0,0,1,0,1,560.8
3.0,2,31.7,56.0,0.0,92.0,82.0,0.06,0,0,0,1,2,762.9
14.0,0,32.1,54.0,0.4,57.0,54.0,0.57,0,0,0,1,3,529.1
23.0,5,18.4,61.0,7.5,72.0,83.0,0.0,0,0,1,0,1,669.9
18.0,5,29.8,62.0,0.0,74.0,33.0,0.48,0,1,1,0,1,561.8
20.0,5,27.3,93.0,0.0,66.0,64.0,0.3,0,1,1,0,1,643.2
12.0,4,25.1,52.0,2.5,89.0,35.0,0.43,0,0,0,1,2,543.4
14.0,4,34.5,85.0,1.6,81.0,38.0,0.39,0,0,0,1,0,584.9
4.0,4,34.4,74.0,0.2,68.0,28.0,0.27,0,0,0,1,3,474.1
0.0,3,18.7,53.0,4.2,69.0,20.0,0.0,0,0,0,1,3,418.2
21.0,6,18.0,51.0,9.7,55.0,54.0,0.04,0,0,1,0,1,564.0
23.0,1,25.3,93.0,6.1,72.0,51.0,0.07,0,0,0,1,3,550.9
20.0,3,25.2,92.0,6.2,88.0,59.0,0.06,0,1,0,1,2,662.0
13.0,5,32.9,86.0,0.0,66.0,37.0,0.38,0,0,1,0,1,496.0
6.0,2,23.2,54.0,0.0,74.0,75.0,0.05,1,0,0,1,1,671.5
16.0,3,29.8,67.0,10.2,72.0,74.0,0.31,0,0,0,1,3,644.8
13.0,3,18.5,70.0,11.4,98.0,37.0,0.56,0,0,0,1,0,587.8
9.0,6,22.1,67.0,0.0,53.0,70.0,0.09,1,0,1,0,2,598.0
21.0,0,25.9,83.0,6.9,55.0,27.0,0.07,0,0,0,1,0,473.9
20.0,0,23.7,41.0,5.8,53.0,35.0,0.25,0,1,0,1,2,463.3
21.0,4,30.6,38.0,1.2,58.0,48.0,0.22,0,0,0,1,3,562.7
20.0,6,20.6,75.0,0.0,81.0,45.0,0.04,0,1,1,0,0,655.9
0.0,1,28.3,42.0,0.0,80.0,23.0,0.0,0,0,0,1,0,531.1
14.0,3,18.9,42.0,1.2,65.0,89.0,0.22,0,0,0,1,1,705.7
19.0,5,25.5,77.0,0.0,61.0,38.0,0.34,0,1,1,0,0,544.4
21.0,1,20.9,82.0,2.0,68.0,57.0,0.17,0,0,0,1,3,595.4
18.0,3,24.2,52.0,0.0,79.0,73.0,0.41,0,1,0,1,0,758.3
4.0,0,22.8,42.0,2.3,52.0,76.0,0.01,0,0,0,1,2,599.7
11.0,1,26.0,81.0,2.3,72.0,84.0,0.78,0,0,0,1,1,686.7
16.0,1,23.9,80.0,0.0,91.0,39.0,0.23,0,0,0,1,1,569.8
23.0,4,23.8,80.0,4.7,75.0,28.0,0.08,0,0,0,1,2,455.9
20.0,3,24.4,65.0,0.5,58.0,61.0,0.2,0,1,0,1,2,588.9
18.0,2,27.9,88.0,1.8,64.0,32.0,0.33,0,1,0,1,1,504.3
15.0,5,26.1,83.0,4.0,56.0,42.0,0.55,0,0,1,0,1,484.4
12.0,6,34.5,94.0,9.3,52.0,29.0,0.44,0,0,1,0,0,447.2
11.0,4,28.7,36.0,6.9,74.0,37.0,0.91,0,0,0,1,3,510.7
18.0,4,21.4,51.0,0.0,62.0,40.0,0.22,0,1,0,1,1,535.8
16.0,6,31.4,40.0,0.0,63.0,24.0,0.54,0,0,1,0,0,478.1
0.0,2,31.2,71.0,1.1,93.0,87.0,0.0,0,0,0,1,1,788.5
6.0,4,32.1,67.0,0.0,54.0,76.0,0.21,1,0,0,1,1,639.1
12.0,6,19.2,40.0,7.2,57.0,83.0,0.23,0,0,1,0,0,678.1
19.0,4,23.6,49.0,4.8,74.0,65.0,0.03,0,1,0,1,2,651.0
5.0,2,19.3,71.0,3.3,75.0,27.0,0.23,0,0,0,1,2,459.4
3.0,4,26.0,93.0,10.2,71.0,73.0,0.07,0,0,0,1,0,662.3
10.0,6,19.0,48.0,0.0,65.0,83.0,0.06,0,0,1,0,0,701.1
18.0,4,30.0,83.0,4.6,76.0,30.0,0.44,0,1,0,1,0,554.4
15.0,1,22.6,37.0,7.6,91.0,64.0,0.32,0,0,0,1,1,678.9
9.0,6,32.4,49.0,4.7,84.0,68.0,0.51,1,0,1,0,1,704.9
23.0,0,27.4,38.0,0.0,77.0,74.0,0.05,0,0,0,1,1,700.9
3.0,3,20.0,74.0,7.8,71.0,75.0,0.23,0,0,0,1,1,637.4
7.0,1,19.6,35.0,4.2,50.0,51.0,0.47,1,0,0,1,0,559.0
2.0,0,20.2,46.0,2.1,68.0,36.0,0.1,0,0,0,1,1,502.2
15.0,5,20.1,39.0,13.5,81.0,65.0,0.67,0,0,1,0,1,636.0
7.0,3,30.1,95.0,0.0,83.0,54.0,0.19,1,0,0,1,1,641.9
17.0,4,19.8,57.0,9.3,67.0,30.0,0.12,0,1,0,1,3,439.7
4.0,6,34.6,49.0,0.9,73.0,38.0,0.01,0,0,1,0,0,588.7
7.0,5,25.5,83.0,0.6,52.0,54.0,0.16,1,0,1,0,3,532.6
12.0,2,32.1,40.0,12.1,81.0,22.0,0.86,0,0,0,1,3,478.9
12.0,3,18.8,48.0,0.0,92.0,59.0,0.03,0,0,0,1,0,698.0
11.0,0,33.5,83.0,11.9,98.0,95.0,0.2,0,0,0,1,2,790.7
0.0,2,30.3,74.0,0.0,56.0,90.0,0.0,0,0,0,1,0,722.4
23.0,5,22.9,95.0,0.0,60.0,68.0,0.04,0,0,1,0,2,572.4
7.0,1,33.4,52.0,6.8,65.0,89.0,0.17,1,0,0,1,0,745.6
18.0,3,18.7,52.0,0.0,57.0,59.0,0.28,0,1,0,1,0,628.4
10.0,6,22.5,46.0,2.1,79.0,24.0,0.8,0,0,1,0,0,505.0
15.0,5,32.4,48.0,0.0,67.0,90.0,0.24,0,0,1,0,0,768.7
2.0,3,21.1,84.0,3.9,58.0,49.0,0.11,0,0,0,1,3,490.1
4.0,6,28.5,38.0,3.8,93.0,84.0,0.29,0,0,1,0,1,788.3
18.0,2,18.7,80.0,4.7,66.0,22.0,0.34,0,1,0,1,2,453.8
11.0,4,30.2,73.0,3.2,57.0,85.0,0.07,0,0,0,1,3,665.2
6.0,2,27.7,88.0,5.3,68.0,38.0,0.01,1,0,0,1,3,485.7
19.0,6,24.1,61.0,6.9,89.0,23.0,0.07,0,1,1,0,2,521.7
1.0,2,33.8,93.0,1.0,70.0,85.0,0.06,0,0,0,1,1,705.9
23.0,4,31.3,80.0,1.1,92.0,39.0,0.03,0,0,0,1,0,625.1
20.0,0,34.2,94.0,9.4,84.0,35.0,0.28,0,1,0,1,3,569.0
16.0,6,18.9,65.0,0.0,67.0,44.0,0.56,0,0,1,0,2,487.2
9.0,1,23.6,86.0,3.5,70.0,34.0,0.52,1,0,0,1,3,483.2
14.0,5,34.3,61.0,0.0,73.0,81.0,0.5,0,0,1,0,0,745.4
14.0,6,25.1,71.0,9.9,99.0,72.0,0.56,0,0,1,0,1,692.8
21.0,1,28.3,85.0,2.0,76.0,73.0,0.13,0,0,0,1,0,744.4
4.0,4,26.4,91.0,4.5,50.0,41.0,0.04,0,0,0,1,3,431.1
8.0,6,27.4,94.0,0.7,77.0,23.0,0.46,1,0,1,0,0,512.9
2.0,1,26.8,68.0,12.4,58.0,71.0,0.12,0,0,0,1,2,570.5
7.0,5,23.0,56.0,11.5,96.0,25.0,0.04,1,0,1,0,0,563.5
11.0,3,33.5,75.0,0.0,98.0,81.0,0.64,0,0,0,1,2,765.1
23.0,1,30.3,72.0,13.2,59.0,20.0,0.05,0,0,0,1,0,418.8
11.0,5,29.0,59.0,1.7,99.0,32.0,0.21,0,0,1,0,2,573.2
15.0,2,18.8,68.0,8.3,68.0,61.0,0.29,0,0,0,1,3,560.3
5.0,1,18.7,95.0,1.5,77.0,86.0,0.12,0,0,0,1,1,676.4
19.0,2,19.7,53.0,5.1,78.0,48.0,0.37,0,1,0,1,3,601.7
9.0,2,34.8,83.0,5.9,59.0,32.0,0.16,1,0,0,1,2,468.7
16.0,6,20.9,73.0,13.4,50.0,82.0,0.56,0,0,1,0,1,580.4
0.0,2,21.5,95.0,8.0,83.0,36.0,0.0,0,0,0,1,3,508.3
9.0,0,30.2,93.0,6.0,81.0,53.0,0.07,1,0,0,1,3,606.0
4.0,2,30.4,42.0,11.8,96.0,29.0,0.11,0,0,0,1,1,555.8
16.0,2,22.7,75.0,2.3,95.0,60.0,0.59,0,0,0,1,0,676.2
1.0,3,19.7,80.0,4.2,90.0,21.0,0.02,0,0,0,1,0,508.1
18.0,3,32.8,49.0,1.2,81.0,43.0,0.37,0,1,0,1,1,618.1
9.0,1,21.4,91.0,8.1,50.0,75.0,0.05,1,0,0,1,1,598.6
17.0,4,21.5,46.0,10.4,90.0,94.0,0.14,0,1,0,1,3,780.8
11.0,3,27.0,46.0,9.9,92.0,82.0,0.45,0,0,0,1,2,722.4
20.0,3,28.2,69.0,0.8,98.0,56.0,0.14,0,1,0,1,0,743.9
14.0,2,22.2,62.0,7.2,92.0,34.0,0.29,0,0,0,1,2,537.4
12.0,5,20.2,91.0,0.0,88.0,72.0,0.69,0,0,1,0,3,672.1
0.0,2,22.6,48.0,9.7,85.0,61.0,0.0,0,0,0,1,0,661.5
10.0,3,24.7,63.0,0.0,67.0,82.0,0.61,0,0,0,1,0,706.9
10.0,5,31.9,54.0,0.0,84.0,46.0,0.65,0,0,1,0,1,600.3
3.0,4,28.4,43.0,2.2,74.0,31.0,0.2,0,0,0,1,0,538.3
10.0,2,31.0,70.0,4.5,73.0,88.0,0.17,0,0,0,1,1,726.7
5.0,6,27.1,90.0,2.2,73.0,62.0,0.17,0,0,1,0,1,602.9
17.0,5,22.2,35.0,4.0,82.0,70.0,0.46,0,1,1,0,0,703.9
1.0,1,22.8,36.0,4.1,52.0,54.0,0.06,0,0,0,1,1,539.8
12.0,5,24.8,87.0,2.8,54.0,29.0,0.5,0,0,1,0,0,434.8
22.0,6,30.5,36.0,12.4,56.0,95.0,0.13,0,0,1,0,1,705.4
6.0,6,28.3,54.0,4.1,69.0,55.0,0.23,1,0,1,0,0,604.2
3.0,2,34.5,71.0,0.0,64.0,72.0,0.14,0,0,0,1,0,679.7
15.0,2,33.4,69.0,0.0,96.0,70.0,0.71,0,0,0,1,3,721.2
17.0,5,19.8,49.0,2.0,78.0,67.0,0.28,0,1,1,0,1,644.0
3.0,5,23.3,44.0,8.0,85.0,41.0,0.05,0,0,1,0,0,574.9
15.0,4,22.2,44.0,0.0,53.0,83.0,0.19,0,0,0,1,1,653.7
9.0,5,23.7,44.0,10.4,50.0,54.0,0.52,1,0,1,0,3,520.2
17.0,6,26.3,66.0,0.2,79.0,81.0,0.3,0,1,1,0,2,708.1
23.0,5,19.4,41.0,1.2,98.0,21.0,0.01,0,0,1,0,1,529.9
23.0,0,20.8,63.0,4.7,81.0,41.0,0.05,0,0,0,1,3,537.7
16.0,3,20.4,90.0,0.0,57.0,75.0,0.66,0,0,0,1,2,578.5
23.0,5,22.6,55.0,0.0,59.0,57.0,0.04,0,0,1,0,1,552.5
6.0,6,28.4,80.0,0.0,79.0,46.0,0.47,1,0,1,0,3,571.6
23.0,5,34.9,94.0,7.0,50.0,60.0,0.03,0,0,1,0,3,543.6
4.0,3,19.1,35.0,1.8,84.0,78.0,0.11,0,0,0,1,0,748.6
1.0,4,26.0,45.0,9.5,72.0,21.0,0.08,0,0,0,1,1,453.2
8.0,2,32.0,90.0,0.0,89.0,71.0,0.62,1,0,0,1,2,710.5
17.0,4,28.9,47.0,5.5,67.0,42.0,0.15,0,1,0,1,1,529.7
3.0,1,31.5,72.0,0.0,97.0,80.0,0.05,0,0,0,1,2,753.2
0.0,6,21.9,48.0,10.6,59.0,41.0,0.0,0,0,1,0,1,487.5
0.0,2,19.3,38.0,8.9,92.0,80.0,0.0,0,0,0,1,3,742.1
16.0,6,20.0,70.0,0.0,72.0,59.0,0.56,0,0,1,0,3,589.2
10.0,4,19.3,73.0,9.8,95.0,38.0,0.7,0,0,0,1,2,519.5
17.0,3,26.3,85.0,3.0,91.0,64.0,0.1,0,1,0,1,3,670.6
11.0,6,25.9,77.0,0.0,74.0,67.0,0.16,0,0,1,0,1,645.5
23.0,0,21.3,58.0,2.5,71.0,32.0,0.08,0,0,0,1,2,470.3
8.0,4,33.7,73.0,2.0,75.0,25.0,0.66,1,0,0,1,3,506.7
22.0,2,22.7,38.0,12.2,88.0,78.0,0.08,0,0,0,1,3,709.0
15.0,5,32.9,83.0,0.8,51.0,39.0,0.53,0,0,1,0,2,446.4
5.0,6,32.5,40.0,0.0,78.0,27.0,0.13,0,0,1,0,0,556.5
17.0,2,34.7,47.0,0.0,93.0,60.0,0.52,0,1,0,1,2,666.0
5.0,4,30.3,58.0,0.0,76.0,27.0,0.03,0,0,0,1,3,496.0
16.0,1,30.4,40.0,3.7,94.0,84.0,0.27,0,0,0,1,1,785.3
20.0,5,32.3,95.0,7.0,57.0,63.0,0.16,0,1,1,0,2,591.8
22.0,0,27.6,64.0,12.5,96.0,31.0,0.03,0,0,0,1,1,561.8
18.0,5,34.4,84.0,3.4,79.0,30.0,0.44,0,1,1,0,2,536.5
7.0,2,32.2,76.0,12.4,69.0,26.0,0.22,1,0,0,1,1,467.5
9.0,1,22.7,71.0,1.6,67.0,45.0,0.13,1,0,0,1,1,548.9
9.0,2,29.9,51.0,6.9,72.0,86.0,0.34,1,0,0,1,2,723.1
20.0,5,32.1,37.0,9.3,84.0,92.0,0.07,0,1,1,0,1,821.1
22.0,3,23.9,86.0,1.3,94.0,84.0,0.09,0,0,0,1,2,737.1
23.0,6,22.6,67.0,3.6,66.0,24.0,0.08,0,0,1,0,3,424.7
16.0,5,28.7,65.0,7.2,86.0,68.0,0.44,0,0,1,0,2,667.2
1.0,2,29.9,75.0,0.0,76.0,80.0,0.03,0,0,0,1,1,720.7
20.0,0,21.2,57.0,1.1,98.0,22.0,0.15,0,1,0,1,1,576.1
19.0,3,28.1,79.0,0.0,66.0,67.0,0.25,0,1,0,1,1,660.1
15.0,5,24.8,37.0,13.1,76.0,74.0,0.58,0,0,1,0,0,687.5
18.0,3,28.1,45.0,0.0,86.0,37.0,0.06,0,1,0,1,1,611.9
10.0,6,34.3,40.0,0.0,79.0,70.0,0.14,0,0,1,0,2,695.2
0.0,5,20.5,91.0,5.0,65.0,46.0,0.0,0,0,1,0,1,512.2
23.0,1,20.6,70.0,5.7,60.0,64.0,0.01,0,0,0,1,3,559.1
17.0,5,24.7,48.0,9.3,95.0,51.0,0.45,0,1,1,0,3,617.3
3.0,3,20.2,83.0,7.6,68.0,74.0,0.15,0,0,0,1,2,605.4
17.0,0,23.9,77.0,2.6,88.0,42.0,0.45,0,1,0,1,1,557.7
11.0,2,23.8,87.0,9.8,54.0,49.0,0.13,0,0,0,1,3,479.3
6.0,0,21.6,62.0,7.1,77.0,39.0,0.14,1,0,0,1,1,527.0
12.0,5,32.0,37.0,2.1,60.0,70.0,0.68,0,0,1,0,1,645.7
3.0,3,31.7,57.0,2.1,50.0,40.0,0.08,0,0,0,1,3,467.8
18.0,4,24.5,64.0,10.3,77.0,26.0,0.15,0,1,0,1,3,506.5
8.0,5,28.8,73.0,6.8,99.0,80.0,0.47,1,0,1,0,2,746.8
17.0,2,19.9,46.0,9.1,93.0,30.0,0.09,0,1,0,1,3,529.2
10.0,5,28.0,47.0,0.0,77.0,26.0,0.39,0,0,1,0,3,490.3
1.0,0,32.8,64.0,0.0,66.0,74.0,0.03,0,0,0,1,2,661.0
9.0,6,31.9,69.0,2.5,51.0,77.0,0.24,1,0,1,0,3,641.5
20.0,0,28.1,57.0,2.3,65.0,42.0,0.03,0,1,0,1,3,547.7
3.0,1,30.4,75.0,0.0,79.0,51.0,0.23,0,0,0,1,2,584.0
23.0,6,26.9,64.0,7.3,59.0,32.0,0.03,0,0,1,0,0,483.6
23.0,0,23.7,75.0,3.0,61.0,52.0,0.06,0,0,0,1,0,554.6
23.0,0,32.2,62.0,11.7,69.0,85.0,0.04,0,0,0,1,2,680.4
7.0,5,31.6,58.0,0.0,67.0,43.0,0.16,1,0,1,0,3,553.1
21.0,0,28.3,93.0,4.7,76.0,46.0,0.0,0,0,0,1,0,630.3
13.0,5,20.2,52.0,0.0,56.0,48.0,0.21,0,0,1,0,2,494.8
22.0,2,21.8,74.0,1.1,87.0,73.0,0.11,0,0,0,1,3,701.0
10.0,4,24.6,94.0,0.0,72.0,76.0,0.13,0,0,0,1,2,642.1
23.0,3,21.6,79.0,5.4,52.0,93.0,0.08,0,0,0,1,3,662.3
20.0,3,27.5,57.0,10.2,69.0,57.0,0.25,0,1,0,1,2,609.8
14.0,5,25.9,44.0,0.9,86.0,75.0,0.35,0,0,1,0,2,697.2
0.0,6,34.5,70.0,2.4,84.0,36.0,0.0,0,0,1,0,3,534.2
3.0,0,24.7,48.0,9.5,60.0,71.0,0.14,0,0,0,1,1,607.3
11.0,6,21.7,92.0,0.0,90.0,33.0,0.61,0,0,1,0,2,510.4
21.0,5,30.9,55.0,0.0,75.0,83.0,0.19,0,0,1,0,1,763.8
9.0,6,33.7,45.0,5.8,50.0,88.0,0.62,1,0,1,0,2,666.1
14.0,5,20.9,93.0,8.4,76.0,72.0,0.16,0,0,1,0,3,636.7
0.0,4,21.8,74.0,0.0,51.0,61.0,0.0,0,0,0,1,3,515.8
5.0,4,28.6,78.0,7.0,85.0,85.0,0.36,0,0,0,1,3,734.3
5.0,3,24.3,90.0,3.4,70.0,36.0,0.12,0,0,0,1,1,498.7
0.0,1,27.8,64.0,3.2,100.0,42.0,0.0,0,0,0,1,1,634.1
16.0,5,19.9,73.0,8.3,65.0,79.0,0.48,0,0,1,0,1,618.1
2.0,0,30.7,78.0,0.0,74.0,29.0,0.13,0,0,0,1,3,476.8
8.0,5,27.1,80.0,4.2,78.0,81.0,0.55,1,0,1,0,0,734.3
1.0,2,31.8,88.0,6.8,75.0,85.0,0.05,0,0,0,1,2,685.1
14.0,3,31.4,41.0,5.4,96.0,41.0,0.31,0,0,0,1,0,650.6
21.0,2,20.4,50.0,4.0,71.0,29.0,0.11,0,0,0,1,0,536.9
22.0,3,30.8,83.0,2.7,71.0,77.0,0.12,0,0,0,1,3,675.2
18.0,2,28.1,83.0,6.9,64.0,67.0,0.28,0,1,0,1,0,675.9
22.0,2,23.2,80.0,6.9,95.0,76.0,0.11,0,0,0,1,3,725.9
4.0,5,31.7,43.0,5.5,66.0,49.0,0.01,0,0,1,0,3,562.1
6.0,4,23.2,72.0,7.7,80.0,41.0,0.49,1,0,0,1,3,528.3
20.0,1,28.0,67.0,1.1,91.0,41.0,0.29,0,1,0,1,3,632.3
15.0,1,26.2,59.0,15.1,64.0,59.0,0.15,0,0,0,1,2,548.6
4.0,2,28.3,81.0,4.8,81.0,78.0,0.19,0,0,0,1,2,672.9
20.0,0,32.3,89.0,6.7,97.0,45.0,0.12,0,1,0,1,1,645.4
1.0,3,28.6,95.0,2.1,53.0,77.0,0.05,0,0,0,1,0,644.9
7.0,1,22.4,82.0,7.8,64.0,78.0,0.1,1,0,0,1,1,669.9
19.0,2,27.4,40.0,2.6,58.0,86.0,0.13,0,1,0,1,0,738.0
6.0,1,22.1,83.0,0.0,70.0,29.0,0.1,1,0,0,1,0,491.1
3.0,3,19.4,47.0,8.4,69.0,92.0,0.0,0,0,0,1,3,713.7
13.0,6,33.4,81.0,9.6,87.0,78.0,0.91,0,0,1,0,1,700.3
8.0,6,24.9,52.0,0.0,82.0,56.0,0.63,1,0,1,0,3,634.8
9.0,2,32.7,50.0,0.0,90.0,76.0,0.08,1,0,0,1,2,763.3
5.0,3,18.1,92.0,8.6,61.0,28.0,0.32,0,0,0,1,1,405.3
21.0,2,19.6,90.0,0.0,62.0,33.0,0.19,0,0,0,1,1,492.3
6.0,2,26.5,55.0,3.6,89.0,46.0,0.29,1,0,0,1,2,578.3
4.0,2,20.7,84.0,0.6,89.0,40.0,0.11,0,0,0,1,1,565.2
16.0,3,29.1,85.0,0.0,66.0,80.0,0.62,0,0,0,1,1,669.3
9.0,2,20.5,56.0,1.6,78.0,59.0,0.32,1,0,0,1,2,601.5
12.0,6,25.1,83.0,4.6,72.0,37.0,0.97,0,0,1,0,3,483.6
8.0,0,31.9,47.0,5.0,73.0,23.0,0.21,1,0,0,1,2,492.6
12.0,2,27.5,82.0,4.1,67.0,33.0,0.07,0,0,0,1,3,478.3
5.0,2,30.3,95.0,2.0,99.0,69.0,0.29,0,0,0,1,0,739.4
22.0,3,22.2,73.0,1.5,90.0,63.0,0.05,0,0,0,1,0,692.8
11.0,3,33.7,42.0,0.0,70.0,72.0,0.76,0,0,0,1,0,700.1
4.0,4,23.1,47.0,0.0,86.0,89.0,0.25,0,0,0,1,2,749.4
8.0,4,27.0,53.0,2.0,100.0,60.0,0.64,1,0,0,1,0,736.1
11.0,6,25.6,91.0,4.0,79.0,66.0,0.31,0,0,1,0,1,642.0
21.0,5,22.4,73.0,3.0,91.0,72.0,0.11,0,0,1,0,0,768.7
15.0,6,18.8,68.0,17.0,51.0,92.0,0.33,0,0,1,0,2,624.9
1.0,4,32.8,55.0,4.5,90.0,28.0,0.06,0,0,0,1,2,523.9
18.0,0,34.6,84.0,5.2,86.0,79.0,0.31,0,1,0,1,0,800.2
6.0,6,19.2,78.0,0.0,97.0,39.0,0.33,1,0,1,0,3,577.0
2.0,1,29.0,56.0,0.0,51.0,71.0,0.1,0,0,0,1,3,600.1
0.0,4,32.1,36.0,7.4,66.0,48.0,0.0,0,0,0,1,1,559.1
10.0,4,25.8,77.0,5.9,95.0,93.0,0.13,0,0,0,1,2,796.1
4.0,1,23.2,41.0,9.7,99.0,36.0,0.18,0,0,0,1,0,615.5
2.0,2,32.8,94.0,3.4,60.0,74.0,0.17,0,0,0,1,2,616.8
7.0,1,31.1,36.0,10.0,57.0,68.0,0.01,1,0,0,1,3,633.7
23.0,6,30.6,59.0,8.1,63.0,68.0,0.05,0,0,1,0,1,618.3
3.0,0,34.5,67.0,9.9,60.0,46.0,0.03,0,0,0,1,0,544.2
15.0,5,28.3,82.0,8.2,55.0,84.0,0.27,0,0,1,0,1,638.2
8.0,4,19.9,64.0,7.9,75.0,32.0,0.24,1,0,0,1,3,497.5
9.0,6,19.1,95.0,5.4,91.0,69.0,0.66,1,0,1,0,0,705.7
0.0,2,30.4,92.0,1.8,61.0,92.0,0.0,0,0,0,1,1,706.2
16.0,1,20.4,65.0,3.1,97.0,57.0,0.25,0,0,0,1,1,652.6
13.0,6,20.7,46.0,5.8,97.0,43.0,0.33,0,0,1,0,1,611.0
3.0,6,20.8,66.0,4.4,66.0,61.0,0.01,0,0,1,0,2,573.2
0.0,2,18.5,65.0,12.9,52.0,89.0,0.0,0,0,0,1,3,632.1
19.0,5,26.9,45.0,6.7,55.0,73.0,0.41,0,1,1,0,1,651.0
3.0,3,25.9,61.0,6.8,88.0,20.0,0.08,0,0,0,1,1,482.2
15.0,2,20.2,77.0,0.0,80.0,83.0,0.56,0,0,0,1,0,728.2
18.0,1,20.1,67.0,11.2,92.0,30.0,0.37,0,1,0,1,1,571.0
22.0,3,22.8,74.0,5.8,96.0,58.0,0.05,0,0,0,1,1,660.1
14.0,5,28.0,68.0,0.0,70.0,74.0,0.31,0,0,1,0,1,652.4
4.0,4,30.5,89.0,13.6,90.0,26.0,0.26,0,0,0,1,3,503.8
5.0,0,20.4,37.0,4.9,70.0,21.0,0.24,0,0,0,1,3,429.0
15.0,6,23.8,75.0,12.1,78.0,47.0,0.34,0,0,1,0,3,525.8
8.0,4,25.5,82.0,1.4,71.0,43.0,0.17,1,0,0,1,2,547.0
15.0,6,27.3,77.0,11.1,54.0,66.0,0.32,0,0,1,0,2,552.3
0.0,4,20.1,49.0,12.3,85.0,57.0,0.0,0,0,0,1,0,642.8
11.0,2,25.7,70.0,5.1,75.0,85.0,0.18,0,0,0,1,1,707.7
21.0,1,31.2,47.0,2.5,86.0,87.0,0.13,0,0,0,1,1,806.5
17.0,2,27.2,79.0,8.8,60.0,32.0,0.4,0,1,0,1,2,423.4
20.0,5,32.6,49.0,7.6,84.0,74.0,0.29,0,1,1,0,1,736.7
8.0,0,34.3,95.0,0.0,80.0,79.0,0.21,1,0,0,1,3,733.1
23.0,2,18.0,51.0,1.1,96.0,28.0,0.0,0,0,0,1,1,532.5
13.0,1,20.4,87.0,10.1,75.0,40.0,0.59,0,0,0,1,1,515.1
12.0,4,21.3,88.0,0.9,58.0,71.0,0.12,0,0,0,1,2,581.9
23.0,4,34.1,44.0,3.8,98.0,61.0,0.0,0,0,0,1,2,702.2
3.0,4,23.3,41.0,3.9,92.0,76.0,0.07,0,0,0,1,1,722.6
3.0,4,30.6,64.0,8.9,67.0,25.0,0.1,0,0,0,1,2,450.3
8.0,0,28.7,62.0,0.0,98.0,57.0,0.15,1,0,0,1,3,689.0
3.0,0,35.0,73.0,12.7,92.0,83.0,0.21,0,0,0,1,1,752.6
13.0,3,19.0,41.0,5.7,66.0,85.0,0.3,0,0,0,1,2,656.7
21.0,6,22.3,57.0,5.0,65.0,94.0,0.12,0,0,1,0,3,750.3
18.0,3,29.3,41.0,12.4,85.0,92.0,0.19,0,1,0,1,3,808.5
16.0,6,33.7,59.0,5.3,86.0,32.0,0.08,0,0,1,0,0,581.6
7.0,2,27.9,80.0,7.3,95.0,25.0,0.2,1,0,0,1,3,535.1
14.0,6,25.8,90.0,0.0,92.0,23.0,0.18,0,0,1,0,3,503.2
5.0,0,28.7,56.0,12.2,96.0,78.0,0.35,0,0,0,1,0,781.9
8.0,2,31.9,57.0,0.0,78.0,26.0,0.22,1,0,0,1,2,527.3
22.0,5,22.5,85.0,6.4,97.0,71.0,0.13,0,0,1,0,2,698.1
5.0,6,26.5,40.0,0.0,70.0,59.0,0.04,0,0,1,0,1,622.0
23.0,0,28.9,55.0,0.0,62.0,53.0,0.07,0,0,0,1,3,549.8
15.0,2,23.7,63.0,9.6,70.0,22.0,0.08,0,0,0,1,1,426.4
18.0,2,33.5,79.0,0.4,75.0,29.0,0.1,0,1,0,1,1,539.1
2.0,5,28.2,91.0,0.0,95.0,63.0,0.09,0,0,1,0,1,672.3
12.0,1,33.7,41.0,7.6,89.0,92.0,0.97,0,0,0,1,2,764.2
10.0,1,25.5,37.0,3.1,51.0,83.0,0.19,0,0,0,1,2,633.3
22.0,1,22.2,49.0,0.0,50.0,57.0,0.04,0,0,0,1,1,537.5
0.0,6,28.4,88.0,0.0,76.0,43.0,0.0,0,0,1,0,1,555.4
18.0,3,28.7,91.0,7.0,95.0,66.0,0.4,0,1,0,1,2,703.9
8.0,3,24.3,92.0,6.3,54.0,37.0,0.21,1,0,0,1,2,441.6
22.0,1,31.5,72.0,12.7,84.0,60.0,0.02,0,0,0,1,3,648.1
19.0,1,30.2,80.0,0.0,79.0,54.0,0.24,0,1,0,1,1,626.9
1.0,3,28.5,66.0,1.5,51.0,91.0,0.04,0,0,0,1,1,673.2
20.0,0,33.2,65.0,4.9,54.0,55.0,0.19,0,1,0,1,2,563.9
23.0,0,30.1,66.0,0.0,75.0,47.0,0.06,0,0,0,1,1,581.6
9.0,4,29.9,54.0,0.0,59.0,89.0,0.74,1,0,0,1,3,714.2
18.0,2,32.7,74.0,10.9,99.0,29.0,0.31,0,1,0,1,0,632.2
16.0,3,30.4,81.0,7.8,61.0,23.0,0.43,0,0,0,1,1,436.3
15.0,5,20.0,40.0,7.2,76.0,68.0,0.52,0,0,1,0,3,634.9
4.0,6,23.8,41.0,1.8,66.0,83.0,0.03,0,0,1,0,3,687.7
8.0,3,21.4,57.0,10.1,78.0,32.0,0.35,1,0,0,1,2,495.6
